Introductory Seminar on Big Questions in Physics,21997,PHYSICS,131S,0,0,0,0,0,0,0,0,0,1,0,,,,
Introductory Seminar on Big Questions in Physics,22632,PHYSICS,131S-1,0,0,0,0,0,0,0,0,0,1,0,,,,
The Physics of Sports,23529,PHYSICS,133,0,0,0,0,1,0,0,0,0,0,0,,,,
Introduction to Astronomy,7884,PHYSICS,134,0,0,0,0,1,0,0,0,0,0,0,,,,
Acoustics and Music,7862,PHYSICS,136,0,0,0,0,0,0,0,0,1,0,0,,,,
Physics Research and the Economy,15221,PHYSICS,138S,0,0,0,0,0,0,0,0,0,1,0,,,,
Physics and Society: Nuclear Energy,25053,PHYSICS,139S,0,0,0,0,0,0,0,0,0,1,0,,,,
General Physics I,7880,PHYSICS,141L,0,0,0,0,1,0,0,0,0,0,0,,,,
General Physics I,21469,PHYSICS,141LA,0,0,0,0,1,0,0,0,0,0,0,,,,
General Physics II,7882,PHYSICS,142L,0,0,0,0,1,0,0,0,0,0,0,,,,
General Physics II,21470,PHYSICS,142LA,0,0,0,0,1,0,0,0,0,0,0,,,,
Introductory Mechanics,15768,PHYSICS,151L,0,0,0,0,1,0,0,0,0,0,0,,,,
Introductory Electricity, Magnetism, and Optics,16068,PHYSICS,152L,0,0,0,0,1,0,0,0,0,0,0,,
Applications of Physics: A Modern Perspective,16416,PHYSICS,153L,0,0,0,0,1,0,0,0,0,0,0,,,,
Frontiers of 21st Century Physics,24111,PHYSICS,160,0,0,0,0,1,0,0,0,0,0,0,,,,
Introductory Experimental Physics I,7865,PHYSICS,161L,0,0,0,0,0,0,0,0,0,0,1,,,,
Fundamentals of Physics II,22840,PHYSICS,162D,0,0,0,0,1,0,0,0,0,0,0,,,,
Introductory Experimental Physics II,7868,PHYSICS,162L,0,0,0,0,0,0,0,0,0,0,1,,,,
Introduction to Frontiers of Biophysics,20784,PHYSICS,174,0,0,0,0,0,0,0,0,0,1,0,,,,
Special Topics in Physics,22618,PHYSICS,190,0,0,0,0,0,0,0,0,0,0,0,,,,
Special Topics in Physics,22415,PHYSICS,190S,0,0,0,0,0,0,0,0,0,0,0,,,,
Special Topics in Physics,22414,PHYSICS,190S-1,0,0,0,0,0,0,0,0,0,0,0,,,,
Optics and Modern Physics,7891,PHYSICS,264L,0,0,0,0,1,0,0,0,0,0,0,,,,
Electronics,7893,PHYSICS,271L,0,0,0,0,1,0,0,0,0,0,0,,,,
Introduction to Astrophysics,7888,PHYSICS,305,0,0,0,0,1,0,0,0,0,0,0,,,,
Optics and Photonics,3704,PHYSICS,320L,0,0,0,0,0,0,0,0,0,0,0,,,,
Intermediate Mechanics,7895,PHYSICS,361,0,0,0,0,1,0,0,0,0,0,0,,,,
Electricity and Magnetism,7896,PHYSICS,362D,0,0,0,0,1,0,0,0,0,0,0,,,,
Advanced Experimental Physics,25002,PHYSICS,364L,0,0,0,0,1,0,0,0,0,0,0,,,,
Advanced Experimental Physics,25137,PHYSICS,365L,0,0,0,0,0,0,0,0,0,0,0,,,,
Duke-Administered Study Abroad: Advanced Special Topics in Physics,7886,PHYSICS,390A,0,0,0,0,0,0,0,0,0,0,0,,,,
Introduction to Biophysics,15222,PHYSICS,414,0,0,0,0,0,0,0,0,0,0,0,,,,
Introduction to Biophysics,15222,PHYSICS,414,0,0,0,0,0,0,0,0,0,0,0,,,,
Biophysics II,23846,PHYSICS,415,0,0,0,0,0,0,0,0,0,0,0,,,,
Advanced Physics Laboratory and Seminar,7909,PHYSICS,417S,0,0,0,0,0,0,0,0,1,0,0,,,,
Quantum Mechanics I,7904,PHYSICS,464,0,0,0,0,1,0,0,0,0,0,0,,,,
Quantum Mechanics II,7905,PHYSICS,465,0,0,0,0,1,0,0,0,0,0,0,,,,
Independent Study: Advanced Topics,7913,PHYSICS,491,0,0,0,0,0,0,0,0,0,0,0,,,,
Elementary Polish,7974,POLISH,101,0,0,0,0,0,0,0,1,0,0,0,,,,
Intermediate Polish,7979,POLISH,203,0,0,0,0,0,0,0,1,0,0,0,,,,
Intermediate Polish,7980,POLISH,204,0,0,0,0,0,0,0,1,0,0,0,,,,
Trauma and Nostalgia: East European Film in the 21st Century,21215,POLISH,288S,0,0,1,0,0,0,0,0,0,0,0,,,,
Revealing Histories: Polish Cinema,23655,POLISH,298S,0,0,1,0,0,0,0,0,0,0,0,,,,
Contemporary Polish Composition and Readings,14462,POLISH,301S,0,0,1,0,0,0,0,0,0,0,0,,,,
Contemporary Polish Composition and Readings,14662,POLISH,302S,0,0,1,0,0,0,0,0,0,0,0,,,,
Studies in Polish Literature,7984,POLISH,305S,0,0,1,0,0,0,0,0,0,0,0,,,,
Fragmented Memories: Polish and Polish Jewish Culture Through Film,20242,POLISH,308S,0,0,0,0,0,0,0,0,0,0,0,,,,
Introduction to Political Science,23876,POLSCI,101,0,1,0,0,0,0,0,0,0,0,0,,,,
The Documentary Experience: A Video Approach,8062,POLSCI,105S,0,0,0,0,0,0,0,0,1,0,0,,,,
Introduction to African Studies (DS3 or DS4),82,POLSCI,108,0,0,1,0,0,0,0,0,0,0,0,,,,
Comparative Approaches to Global Issues,2842,POLSCI,110,0,0,1,0,0,0,0,0,0,0,0,,,,
From Voting to Protests: Introduction to Political Attitudes, Groups and Behaviors,21542,POLSCI,114D,0,0,1,0,0,0,0,0,0,0,0,,,
Rules of Power: How Institutions Shape What Politics Deliver,21802,POLSCI,115D,0,1,0,0,0,0,0,0,0,0,0,,,,
The American Political System,8332,POLSCI,116,0,1,0,0,0,0,0,0,0,0,0,,,,
Democracy, Development and Violence: Introduction to Comparative Politics,8334,POLSCI,117,0,0,1,0,0,0,0,0,0,0,0,,,
The Challenges of Living an Ethical Life,24969,POLSCI,120,0,0,0,0,0,0,1,0,0,0,0,,,,
The Challenges of Living an Ethical Life,17925,POLSCI,120D,0,0,0,0,0,0,1,0,0,0,0,,,,
Introduction to Political Economy,20020,POLSCI,145,0,0,0,0,0,0,1,0,0,0,0,,,,
Politics and Economics,24419,POLSCI,146,0,1,0,0,0,0,0,0,0,0,0,,,,
Citizenship, Patriotism, \u0026 Identity,24646,POLSCI,150FS,0,0,0,0,0,0,1,0,0,0,0,,
Israel/Palestine: Comparative Perspectives,23214,POLSCI,159,0,0,0,0,0,0,0,0,0,0,0,,,,
Introduction to Security, Peace and Conflict,8337,POLSCI,160D,0,0,1,0,0,0,0,0,0,0,0,,,
Introduction to Security, Peace and Conflict,8336,POLSCI,160S,0,0,1,0,0,0,0,0,0,0,0,,,
Liberty and Equality: Ancient and Modern Perspectives,23434,POLSCI,170FS,0,0,1,0,0,0,0,0,0,0,0,,,,
Political Polarization in the US: Causes and Consequences,23518,POLSCI,171FS,0,1,0,0,0,0,0,0,0,0,0,,,,
Racial Attitudes and Racial Politics in the United States,23567,POLSCI,172FS,0,0,1,0,0,0,0,0,0,0,0,,,,
Introduction to Political Philosophy,8397,POLSCI,175,0,0,0,0,0,0,1,0,0,0,0,,,,
Introduction to Political Philosophy,14956,POLSCI,175D,0,0,0,0,0,0,1,0,0,0,0,,,,
Hierarchy and Spontaneous Order: The Nature of Freedom in Political and Economic Organizations (C-N),18147,POLSCI,180FS,0,0,0,0,0,0,1,0,0,0,0,,,,
Ancient and Modern Liberty,18230,POLSCI,184FS,0,0,1,0,0,0,0,0,0,0,0,,,,
The Politics of Language,20152,POLSCI,185FS,0,0,0,0,0,0,0,0,0,0,0,,,,
American Perspectives on Citizenship,22718,POLSCI,188FS,0,0,0,0,0,0,1,0,0,0,0,,,,
Introduction to Machine Learning and Legislative Behavior,24601,POLSCI,189FS,0,0,0,0,0,0,0,0,1,0,0,,,,
Special Topics in Political Science,24752,POLSCI,190,0,0,0,0,0,0,0,0,0,0,0,,,,
Special Topics in the Focus Program,22099,POLSCI,190FS,0,0,0,0,0,0,0,0,0,0,0,,,,
Special Topics in Political Science,23822,POLSCI,190S,0,0,0,0,0,0,0,0,0,0,0,,,,
Freedom and Moral Obligation,25242,POLSCI,195FS,0,0,0,0,0,0,1,0,0,0,0,,,,
Public Opinion,8386,POLSCI,201,0,0,0,0,0,0,1,0,0,0,0,,,,
Film, Race and Politics,21819,POLSCI,202,0,0,1,0,0,0,0,0,0,0,0,,,
Women and the Political Process,10426,POLSCI,203,0,0,0,0,0,0,0,0,1,0,0,,,,
Race, Ethnicity and Citizenship,22520,POLSCI,204,0,0,1,0,0,0,0,0,0,0,0,,,
Introduction to Racial and Ethnic Minorities in American Politics,18286,POLSCI,205,0,0,0,0,0,0,0,0,0,0,0,,,,
Introduction to Racial and Ethnic Minorities in American Politics,14317,POLSCI,205D,0,0,1,0,0,0,0,0,0,0,0,,,,
American Values, Institutions, and Culture,18032,POLSCI,206,0,0,1,0,0,0,0,0,0,0,0,,
Reason and Passion in Politics,21820,POLSCI,207,0,1,0,0,0,0,0,0,0,0,0,,,,
Contemporary Constitutional Law,22317,POLSCI,209D,0,0,0,0,0,0,1,0,0,0,0,,,,
Democracy: Ancient and Modern,21996,POLSCI,211,0,0,1,0,0,0,0,0,0,0,0,,,,
The American Presidency,8376,POLSCI,212,0,0,0,0,0,0,1,0,0,0,0,,,,
Introduction to Engaged Citizenship and Social Change (Gateway Course),23957,POLSCI,213S,0,0,0,0,0,0,0,0,0,0,0,,,,
Media and Power in Washington,21888,POLSCI,214SA,0,0,0,0,0,0,0,0,0,0,0,,,,
American Constitutional Law,8477,POLSCI,215,0,0,0,0,0,0,1,0,0,0,0,,,,
Comparative Government and Politics: Selected Countries,8390,POLSCI,219,0,0,1,0,0,0,0,0,0,0,0,,,,
South Africa: Past and Future,19171,POLSCI,221,0,0,0,0,0,0,0,0,0,0,0,,,,
The Arab Youths Revolution,21803,POLSCI,222,0,0,1,0,0,0,0,0,0,0,0,,,,
Inequality and Politics,24107,POLSCI,224,0,1,0,0,0,0,0,0,0,0,0,,,,
Research in International Policy Issues,21505,POLSCI,225S,0,0,1,0,0,0,0,0,0,0,0,,,,
The European Union: History, Institutions and Policies,21515,POLSCI,226,0,1,0,0,0,0,0,0,0,0,0,,,
Ethnic Conflict,13579,POLSCI,227,0,0,1,0,0,0,0,0,0,0,0,,,,
Politics of Authoritarian Regimes,24425,POLSCI,228,0,0,1,0,0,0,0,0,0,0,0,,,,
Institutions and Self Governance,24409,POLSCI,229,0,0,1,0,0,0,0,0,0,0,0,,,,
Networks in a Globalizing World,21804,POLSCI,230,0,0,0,0,0,0,0,0,1,0,0,,,,
Nuclear Weapons: US Foreign Policy and the Challenges of Global Proliferation,22837,POLSCI,233,0,0,0,0,0,0,0,0,0,1,0,,,,
Are Things Getting Better? The Question of Progress in World Affairs,23845,POLSCI,234D,0,0,0,0,0,0,0,0,1,0,0,,,,
Comparative Urban Politics and Policymaking,22239,POLSCI,235S,0,0,1,0,0,0,0,0,0,0,0,,,,
Advanced Research Seminar in Urban Politics and Policymaking,22238,POLSCI,236S,0,0,0,0,0,0,0,0,0,0,0,,,,
Religion and Foreign Policy,25056,POLSCI,237,0,0,1,0,0,0,0,0,0,0,0,,,,
Racial Attitudes, Racial Prejudice, and Racial Politics,23571,POLSCI,238,0,0,1,0,0,0,0,0,0,0,0,,
Political Communication in a Changing Media Environment,22835,POLSCI,239S,0,0,0,0,0,0,0,0,1,0,0,,,,
Political Psychology,8395,POLSCI,240,0,0,1,0,0,0,0,0,0,0,0,,,,
Theory and Practice: People, Places and Policy Cases,21708,POLSCI,240SA,0,0,0,0,0,0,0,0,0,0,0,,,
Political Persuasion,21533,POLSCI,241S,0,0,0,0,0,0,0,0,1,0,0,,,,
Whose Democracy? Participation and Public Policy in the United States,21672,POLSCI,241SA,0,0,0,0,0,0,0,0,0,0,0,,,,
Campaigns and Elections,8415,POLSCI,242,0,1,0,0,0,0,0,0,0,0,0,,,,
Whose Democracy? Participation and Public Policy in the United States,20194,POLSCI,243S,0,0,0,0,0,0,0,0,1,0,0,,,,
American Constitutional Development and Interpretation II: Individual Rights,23654,POLSCI,246,0,0,0,0,0,0,1,0,0,0,0,,,,
Denial, Faith, Reason: Sustainability and Survival,22548,POLSCI,249,0,0,0,0,0,0,1,0,0,0,0,,
The Politics of International Economic Relations: America in the World Economy,22827,POLSCI,250,0,0,1,0,0,0,0,0,0,0,0,,,,
Relations between Industrialized and Developing Countries,25146,POLSCI,251S,0,0,0,0,0,0,0,0,0,0,0,,,,
Life Within Capitalism: A History of its Values, Measures and Struggles,22572,POLSCI,252,0,0,0,0,0,0,1,0,0,0,0,,,
America in the World Economy: The Law, Politics, and Economics of U.S. Antitrust, 1890-2015,23597,POLSCI,255,0,0,0,0,0,0,0,0,1,0,0,
Frontier City Berlin: Facing History's Great Challenges,17281,POLSCI,260A,0,0,1,0,0,0,0,0,0,0,0,,,,
The Holocaust,21600,POLSCI,262,0,0,0,0,0,0,0,0,0,0,0,,,,
The Political History of Modern Architecture: From Revolution through Neoliberalism,25018,POLSCI,263,0,0,1,0,0,0,0,0,0,0,0,,,,
Democracy and Dysfunctional Politics,23205,POLSCI,264S,0,1,0,0,0,0,0,0,0,0,0,,,,
Introduction to American Political Thought,8407,POLSCI,265S,0,0,0,0,0,0,1,0,0,0,0,,,,
Distributive Justice,14617,POLSCI,266,0,0,0,0,0,0,1,0,0,0,0,,,,
Politics and Literature,8370,POLSCI,268,0,0,0,0,0,0,1,0,0,0,0,,,,
Human Rights in Theory and Practice,8456,POLSCI,272,0,0,0,0,0,0,0,0,0,0,0,,,,
The Middle East Through Film,23843,POLSCI,273,0,0,1,0,0,0,0,0,0,0,0,,,,
Left, Right, and Center: Competing Political Ideals,14153,POLSCI,275,0,0,1,0,0,0,0,0,0,0,0,,
Left, Right, and Center: Competing Political Ideals,24657,POLSCI,275S,0,0,1,0,0,0,0,0,0,0,0,,
Contemporary Documentary Film: Filmmakers and the Full Frame Documentary Film Festival,17078,POLSCI,276,0,0,1,0,0,0,0,0,0,0,0,,,,
The Ethics of War: Self-Defense, Humanitarian Intervention, Terrorism and Law,22775,POLSCI,277D,0,0,0,0,0,0,1,0,0,0,0,,
Roman Political Thought and Its Modern Legacy,24659,POLSCI,278,0,0,1,0,0,0,0,0,0,0,0,,,,
Professionalism and Successful Internships in Political Science,25523,POLSCI,279,0,0,0,0,0,0,0,0,0,0,0,,,,
Duke Semester Program: Florence,17198,POLSCI,281A,0,0,1,0,0,0,0,0,0,0,0,,,,
Duke Summer/Semester Program: Madrid,8353,POLSCI,283A,0,0,1,0,0,0,0,0,0,0,0,,,,
Duke Semester Program: Ecuador,17186,POLSCI,284A,0,0,1,0,0,0,0,0,0,0,0,,,,
Duke Summer/Semester Program: France,17185,POLSCI,286A,0,0,1,0,0,0,0,0,0,0,0,,,,
Duke Semester Program: Venice,17024,POLSCI,287A,0,0,1,0,0,0,0,0,0,0,0,,,,
Duke-Administered Study Abroad: Advanced Special Topics in Political Science,8359,POLSCI,290A,0,0,0,0,0,0,0,0,0,0,0,,,,
Sophomore/Junior Independent Study Political Theory,19036,POLSCI,291-1,0,0,0,0,0,0,0,0,0,0,0,,,,
Sophomore/Junior Independent Study Political Institutions,19020,POLSCI,291-2,0,0,0,0,0,0,0,0,0,0,0,,,,
Sophomore/Junior Independent Study Security Peace and Conflict,19021,POLSCI,291-3,0,0,0,0,0,0,0,0,0,0,0,,,,
Sophomore/Junior Independent Study Political Methodology,21385,POLSCI,291-5,0,0,0,0,0,0,0,0,0,0,0,,,,
Political Economy of Immigration,24199,POLSCI,294A,0,0,1,0,0,0,0,0,0,0,0,,,,
Environmental Policy in Europe: Duke in Berlin,8342,POLSCI,295A,0,0,1,0,0,0,0,0,0,0,0,,,,
Germany Today: A European Superpower? Duke-in-Berlin,14221,POLSCI,296A,0,0,1,0,0,0,0,0,0,0,0,,,,
Political Philosophy of Globalization,8442,POLSCI,297A,0,0,1,0,0,0,0,0,0,0,0,,,,
Themes in Chinese Culture and History,1935,POLSCI,298A,0,0,1,0,0,0,0,0,0,0,0,,,,
Environment, Health, and Development in China,20240,POLSCI,299S,0,0,1,0,0,0,0,0,0,0,0,,
Illiberal Nondemocracies: Focus on Eastern Europe and Asia,25023,POLSCI,301S,0,0,1,0,0,0,0,0,0,0,0,,,,
Gender, Race, and Ethnicity in Politics and Public Policy,21822,POLSCI,303,0,0,0,0,0,0,0,0,0,0,0,,
Politics and the Libido,8493,POLSCI,306S,0,0,1,0,0,0,0,0,0,0,0,,,,
Law and Constitutional Reform in Russia and the Former Soviet Union,17437,POLSCI,309,0,0,1,0,0,0,0,0,0,0,0,,,,
Political Analysis for Public Policy-Making,8068,POLSCI,310,0,0,0,0,0,0,0,0,0,0,1,,,,
Political Polarization in America: Causes and Consequences,21806,POLSCI,311,0,1,0,0,0,0,0,0,0,0,0,,,,
Social Movements in Age of Globalization,22824,POLSCI,313,0,0,0,0,0,0,0,0,0,0,0,,,,
Ethics of Political Violence,22539,POLSCI,314S,0,0,0,0,0,0,1,0,0,0,0,,,,
Political Economy of Financial Crises,23915,POLSCI,315S,0,0,0,0,0,0,0,0,0,0,0,,,,
American Political Parties,8379,POLSCI,316,0,1,0,0,0,0,0,0,0,0,0,,,,
Global Corruption,24106,POLSCI,317,0,0,1,0,0,0,0,0,0,0,0,,,,
Global Corruption,24106,POLSCI,317S,0,0,1,0,0,0,0,0,0,0,0,,,,
Congress and the President,8460,POLSCI,318,0,0,0,0,0,0,0,0,0,0,1,,,,
US Comparative State Politics,8480,POLSCI,319S,0,0,0,0,0,0,0,0,0,0,0,,,,
Globalization and Deglobalization,24652,POLSCI,320A,0,0,0,0,0,0,0,1,0,0,0,,,,
International Law and International Institutions,8461,POLSCI,321,0,0,1,0,0,0,0,0,0,0,0,,,,
Political Regime Transitions: The Historical European and the Contemporary Global Experience,8412,POLSCI,323,0,0,1,0,0,0,0,0,0,0,0,,,,
Chinese Politics,8464,POLSCI,324S,0,0,1,0,0,0,0,0,0,0,0,,,,
The Economic and Political History of the European Union,24905,POLSCI,325A,0,0,1,0,0,0,0,0,0,0,0,,,,
Politics in Violence,22212,POLSCI,329S,0,0,0,0,0,0,0,0,0,0,0,,,,
Quantitative Political Inquiry and Evaluation,22842,POLSCI,330,0,0,0,0,0,1,0,0,0,0,0,,,,
Prisoner's Dilemma and Distributive Justice,16959,POLSCI,331,0,0,0,0,0,0,0,0,0,0,0,,,,
Prisoner's Dilemma and Distributive Justice,24380,POLSCI,331D,0,0,0,0,0,0,1,0,0,0,0,,,,
Games and Politics,8419,POLSCI,332,0,0,0,0,0,1,0,0,0,0,0,,,,
Democracy and Social Choice,23530,POLSCI,333S,0,0,1,0,0,0,0,0,0,0,0,,,,
Economic, Political, and Social Institutions,22453,POLSCI,335S,0,0,1,0,0,0,0,0,0,0,0,,
Racial Justice in the 20th Century US and South Africa,23887,POLSCI,336S,0,0,0,0,0,0,0,0,0,0,0,,,,
Apartheid South Africa and the Struggles for Democracy,23888,POLSCI,337S,0,0,0,0,0,0,0,0,0,0,0,,,,
Political Economy of South East Asia,22876,POLSCI,338,0,0,1,0,0,0,0,0,0,0,0,,,,
The Modern Regulatory State,21890,POLSCI,340D,0,0,0,0,0,0,1,0,0,0,0,,,,
Business and Human Rights Advocacy Lab,23281,POLSCI,341S,0,0,0,0,0,0,0,0,0,0,0,,,,
Strategy and Politics,12093,POLSCI,342,0,0,0,0,0,1,0,0,0,0,0,,,,
Political Economy of Development,8445,POLSCI,345,0,0,1,0,0,0,0,0,0,0,0,,,,
Business, Politics, and Economic Growth,13665,POLSCI,346,0,0,1,0,0,0,0,0,0,0,0,,
Globalization and Domestic Politics,8420,POLSCI,347,0,0,1,0,0,0,0,0,0,0,0,,,,
Global Environmental Politics,24257,POLSCI,348,0,0,0,0,0,0,0,0,0,0,0,,,,
Political Economy of Latin America,22870,POLSCI,349,0,0,1,0,0,0,0,0,0,0,0,,,,
International Political Economy,14929,POLSCI,350,0,0,1,0,0,0,0,0,0,0,0,,,,
Economic History and Modernization of the Islamic Middle East,18757,POLSCI,351,0,0,1,0,0,0,0,0,0,0,0,,,,
U.S. Policy in the Middle East,22831,POLSCI,352S,0,0,1,0,0,0,0,0,0,0,0,,,,
Globalization of Democracy,16070,POLSCI,353,0,0,1,0,0,0,0,0,0,0,0,,,,
Politics in the Developing World,8458,POLSCI,354,0,0,1,0,0,0,0,0,0,0,0,,,,
Comparative Health Care Systems,24197,POLSCI,355,0,0,1,0,0,0,0,0,0,0,0,,,,
Politics and Markets,21823,POLSCI,356,0,0,0,0,0,0,1,0,0,0,0,,,,
Refugee Policy and Practice (DukeImmerse),25103,POLSCI,357S,0,0,1,0,0,0,0,0,0,0,0,,,,
Globalization and Public Policy,14632,POLSCI,358,0,0,0,0,0,0,0,0,1,0,0,,,,
Social Engineering and Social Movements in Eastern Europe and Asia,23228,POLSCI,359S,0,0,1,0,0,0,0,0,0,0,0,,,,
Foreign Policy of the United States,8449,POLSCI,365D,0,0,1,0,0,0,0,0,0,0,0,,,,
International Politics of East Asia,24145,POLSCI,366,0,0,1,0,0,0,0,0,0,0,0,,,,
Environment and Conflict: The Role of the Environment in Conflict and Peacebuilding,19016,POLSCI,367S,0,0,0,0,0,0,0,0,0,0,0,,,,
International Conflict and Violence,8393,POLSCI,369,0,0,1,0,0,0,0,0,0,0,0,,,,
War and Peace,8423,POLSCI,370,0,0,1,0,0,0,0,0,0,0,0,,,,
Marxism and Society,1911,POLSCI,371,0,0,0,0,0,0,1,0,0,0,0,,,,
Sex, Politics and Feminist Philosophy,25340,POLSCI,372,0,0,0,0,0,0,1,0,0,0,0,,,
Law and Politics,8402,POLSCI,373,0,1,0,0,0,0,0,0,0,0,0,,,,
Watchdog Reporting in Politics,25332,POLSCI,374S,0,0,0,0,0,0,1,0,0,0,0,,,,
Classics of Western Civilization: The German Tradition, 1750-1930,12950,POLSCI,375,0,0,1,0,0,0,0,0,0,0,0,,,
Marx, Nietzsche, Freud,16847,POLSCI,378,0,0,1,0,0,0,0,0,0,0,0,,
Violent Jihad in the Twentieth Century - A Global History,24457,POLSCI,382,0,0,1,0,0,0,0,0,0,0,0,,,,
Gender and Political Theory,17884,POLSCI,383,0,0,1,0,0,0,0,0,0,0,0,,,,
Inequality in Western Political Thought,24725,POLSCI,384,0,0,1,0,0,0,0,0,0,0,0,,,,
Ambition and Politics,8452,POLSCI,385,0,0,0,0,0,0,1,0,0,0,0,,,,
Theories of Liberal Democracy,8401,POLSCI,386,0,0,0,0,0,0,1,0,0,0,0,,,,
Ancient Political Theory,16472,POLSCI,387,0,0,0,0,0,0,1,0,0,0,0,,,,
Information, Technology, Ethics and Policy,13000,POLSCI,388,0,0,0,0,0,0,1,0,0,0,0,,
Special Topics in Political Theory,8512,POLSCI,390-1,0,0,0,0,0,0,0,0,0,0,0,,,,
Special Topics in Political Institutions,8513,POLSCI,390-2,0,0,0,0,0,0,0,0,0,0,0,,,,
Special Topics in Security, Peace and Conflict,8514,POLSCI,390-3,0,0,0,0,0,0,0,0,0,0,0,,,
Special Topics in Political Behavior and Identities,8515,POLSCI,390-4,0,0,0,0,0,0,0,0,0,0,0,,,,
Special Topics in Political Methodology,21445,POLSCI,390-5,0,0,0,0,0,0,0,0,0,0,0,,,,
Special Topics in Political Economy,21443,POLSCI,390-6,0,0,0,0,0,0,0,0,0,0,0,,,,
Special Topics in Political Theory,17123,POLSCI,390S-1,0,0,0,0,0,0,0,0,0,0,0,,,,
Special Topics in Political Institutions,17116,POLSCI,390S-2,0,0,0,0,0,0,0,0,0,0,0,,,,
Special Topics in Security, Peace and Conflict,17122,POLSCI,390S-3,0,0,0,0,0,0,0,0,0,0,0,,,
Special Topics in Political Behavior and Identities,17121,POLSCI,390S-4,0,0,0,0,0,0,0,0,0,0,0,,,,
Special Topics in Political Methodology,21387,POLSCI,390S-5,0,0,0,0,0,0,0,0,0,0,0,,,,
Special Topics in Political Economy,21545,POLSCI,390S-6,0,0,0,0,0,0,0,0,0,0,0,,,,
Senior Independent Study in Political Theory,19032,POLSCI,391-1,0,0,0,0,0,0,0,0,0,0,0,,,,
Senior Independent Study in Political Institutions,19033,POLSCI,391-2,0,0,0,0,0,0,0,0,0,0,0,,,,
Senior Independent Study in Political Behavior and Identities,19035,POLSCI,391-4,0,0,0,0,0,0,0,0,0,0,0,,,,
Senior Independent Study in Political Methodology,21392,POLSCI,391-5,0,0,0,0,0,0,0,0,0,0,0,,,,
Sophomore/Junior Research Independent Study Political Theory,19028,POLSCI,393-1,0,0,0,0,0,0,0,0,1,0,0,,,,
Sophomore/Junior Research Independent Study Political Institutions,19029,POLSCI,393-2,0,0,0,0,0,0,0,0,1,0,0,,,,
Sophomore/Junior Research Independent Study Security Peace and Conflict,19030,POLSCI,393-3,0,0,0,0,0,0,0,0,1,0,0,,,,
Sophomore/Junior Research Independent Study Political Behavior and Identities,19031,POLSCI,393-4,0,0,0,0,0,0,0,0,1,0,0,,,,
Sophomore/Junior Research Independent Study Political Economy,21520,POLSCI,393-6,0,0,0,0,0,0,0,0,1,0,0,,,,
South African Life Histories,20213,POLSCI,406S,0,0,1,0,0,0,0,0,0,0,0,,,,
U.S-Russia Relations: 1991-2016,23914,POLSCI,415,0,0,1,0,0,0,0,0,0,0,0,,,,
Theories of War and Peace in Twentieth Century Europe,20469,POLSCI,430S,0,0,0,0,0,0,0,0,1,0,0,,,,
Chinese Media and Popular Culture: Politics, Ideology, and Social Change,24697,POLSCI,435S,0,0,1,0,0,0,0,0,0,0,0,,
Games and Culture: Politics, Pleasure and Pedagogy,24157,POLSCI,440S,0,0,1,0,0,0,0,0,0,0,0,,,
Capstone Seminar: Russia-USSR-Russia: History of Communism,20493,POLSCI,445S,0,0,1,0,0,0,0,0,0,0,0,,,,
Politics, Philosophy, and Economics Capstone,8459,POLSCI,449,0,0,0,0,0,0,0,0,1,0,0,,
Wealth and Poverty of Nations: Prosperity and Distribution in the Long Run,22135,POLSCI,468S,0,1,0,0,0,0,0,0,0,0,0,,,,
Capstone Seminars in Classical Studies,2804,POLSCI,480S,0,0,1,0,0,0,0,0,0,0,0,,,,
Senior Research Independent Study Political Theory,19037,POLSCI,493-1,0,0,0,0,0,0,0,0,1,0,0,,,,
Senior Research Independent Study Political Institutions,19038,POLSCI,493-2,0,0,0,0,0,0,0,0,1,0,0,,,,
Senior Research Independent Study in Security, Peace and Conflict,19039,POLSCI,493-3,0,0,0,0,0,0,0,0,1,0,0,,,
Senior Research Independent Study in Political Behavior and Identities,19040,POLSCI,493-4,0,0,0,0,0,0,0,0,1,0,0,,,,
Senior Research Independent Study in Political Methodology,21548,POLSCI,493-5,0,0,0,0,0,0,0,0,1,0,0,,,,
Politics and Policy Practicum for Duke in DC,21887,POLSCI,494A,0,0,0,0,0,0,0,0,1,0,0,,,,
Honors Seminar,23877,POLSCI,495S,0,0,0,0,0,0,0,0,1,0,0,,,,
Capstone Seminar: Latin American Left Turns: A New Politics for the 21st Century?,21855,POLSCI,497S,0,0,1,0,0,0,0,0,0,0,0,,,,
Senior Seminar in Political Methodology,8521,POLSCI,497S-5,0,1,0,0,0,0,0,0,0,0,0,,,,
Senior Seminar in Political Economy,21511,POLSCI,497S-6,0,1,0,0,0,0,0,0,0,0,0,,,,
Elementary Portuguese I,9129,PORTUGUE,101,0,0,0,0,0,0,0,1,0,0,0,,,,
Elementary Portuguese II,9131,PORTUGUE,102,0,0,0,0,0,0,0,1,0,0,0,,,,
Accelerated Elementary Portuguese,13046,PORTUGUE,112,0,0,0,0,0,0,0,1,0,0,0,,,,
Intermediate Portuguese,12990,PORTUGUE,203,0,0,0,0,0,0,0,1,0,0,0,,,,
Intensive Brazilian Portuguese,22167,PORTUGUE,203A,0,0,1,0,0,0,0,0,0,0,0,,,,
Advanced Intermediate Portuguese,14667,PORTUGUE,204,0,0,0,0,0,0,0,1,0,0,0,,,,
Afro-Brazilian Culture and History,5338,PORTUGUE,260,0,0,0,0,0,0,0,0,0,0,0,,,,
Topics in Lusophone Literature and Culture,23775,PORTUGUE,290S,0,0,0,0,0,0,0,0,0,0,0,,,,
Advanced Colloquial Portuguese,12653,PORTUGUE,301S,0,0,1,0,0,0,0,0,0,0,0,,,,
Introduction to Portuguese Culture,25326,PORTUGUE,327S,0,0,1,0,0,0,0,0,0,0,0,,,,
Introduction to Brazilian Literature,14668,PORTUGUE,334S,0,0,1,0,0,0,0,0,0,0,0,,,,
Topics in Lusophone Literature and Culture,21846,PORTUGUE,390S,0,0,0,0,0,0,0,0,0,0,0,,,,
Cidanania, Cultura, e Participacao/Citizenship, Culture, and Participation,15849,PORTUGUE,410S,0,0,1,0,0,0,0,0,0,0,0
Topics in Lusophone Literature and Culture,18605,PORTUGUE,490,0,0,0,0,0,0,0,0,0,0,0,,,,
Topics in Lusophone Literature and Culture,19186,PORTUGUE,490S,0,0,0,0,0,0,0,0,0,0,0,,,,
Portuguese Tutorial,22046,PORTUGUE,497T,0,0,0,0,0,0,0,1,0,0,0,,,,
Introductory Psychology,8764,PSY,101,0,0,0,0,0,0,0,0,0,1,0,,,,
Cognitive Psychology: Introduction and Survey,8768,PSY,102,0,0,0,0,1,0,0,0,0,0,0,,,,
Developmental Psychology: Introduction and Survey,8769,PSY,103,0,1,0,0,0,0,0,0,0,0,0,,,,
Developmental Psychology: Introduction and Survey,25245,PSY,103D,0,1,0,0,0,0,0,0,0,0,0,,,,
Social Psychology,8801,PSY,104,0,1,0,0,0,0,0,0,0,0,0,,,,
Abnormal Psychology,8805,PSY,105,0,1,0,0,0,0,0,0,0,0,0,,,,
Biological Bases of Behavior: Introduction and Survey,8767,PSY,106,0,0,0,0,0,0,0,0,0,1,0,,,,
Biological Bases of Behavior (Team Based Learning),24135,PSY,107,0,0,0,0,0,0,0,0,0,0,0,,,,
Computing and the Brain,24408,PSY,113L,0,0,0,0,0,0,0,0,0,0,0,,,,
Fundamentals of Decision Science,23638,PSY,141,0,0,0,0,0,0,0,0,0,0,0,,,,
Vision,22828,PSY,155FS,0,0,0,0,0,0,0,0,0,0,1,,,,
Decoding Human Behavior,22821,PSY,185FS,0,0,0,0,0,0,0,0,0,1,0,,,,
Duke-Administered Study Abroad: Special Topics in Psychology,8765,PSY,190A,0,0,0,0,0,0,0,0,0,0,0,,,,
Focus - Special Topics Seminars,14842,PSY,190FS,0,0,0,0,0,0,0,0,0,0,0,,,,
Duke Administered Study Abroad: Special Topics in Psychology,23397,PSY,190SA,0,0,0,0,0,0,0,0,0,0,0,,,,
Neurobiology of Mind,7212,PSY,193FS,0,0,0,0,0,0,0,0,0,0,0,,,,
Patient and Research Participant Activism and Advocacy,25265,PSY,196FS,0,0,0,0,0,0,0,0,0,0,0,,,,
Introduction to Statistical Methods in Psychology,9825,PSY,201L,0,0,0,0,0,1,0,0,0,0,0,,,,
Research Methods in Psychological Science,8776,PSY,202,0,0,0,0,0,0,0,0,1,0,0,,,,
Research Methods in Psychological Science,25339,PSY,202L,0,0,0,0,0,0,0,0,1,0,0,,,,
Practicum,8778,PSY,203,0,0,0,0,0,0,0,0,0,0,0,,,,
Health Psychology and Behavior Change,8789,PSY,205,0,1,0,0,0,0,0,0,0,0,0,,,,
Alcohol: Brain, Individual, and Society,12993,PSY,206,0,0,0,0,0,0,0,0,1,0,0,,
Behavioral Aspects of Health,8791,PSY,208,0,0,0,0,0,0,0,0,0,1,0,,,,
Stress and Coping,8790,PSY,209,0,1,0,0,0,0,0,0,0,0,0,,,,
The Psychology of Obesity,25299,PSY,210,0,1,0,0,0,0,0,0,0,0,0,,,,
The Psychology of Health Behavior Change,21361,PSY,211,0,0,0,0,0,0,0,0,0,0,0,,,,
Introduction to Forensic Psychology,21825,PSY,212,0,0,1,0,0,0,0,0,0,0,0,,,,
Advanced Abnormal Psychology,20149,PSY,213,0,0,0,0,0,0,0,0,1,0,0,,,,
Advanced Abnormal Psychology,20149,PSY,213,0,0,0,0,0,0,0,0,1,0,0,,,,
Exercise and Mental Health,23562,PSY,214,0,0,0,0,0,0,0,0,0,0,0,,,,
The Psychology of Gender,8785,PSY,220,0,0,1,0,0,0,0,0,0,0,0,,,,
Personality,8799,PSY,221,0,1,0,0,0,0,0,0,0,0,0,,,,
The Self and Social Identities,24421,PSY,223,0,0,1,0,0,0,0,0,0,0,0,,,,
Political Psychology,8395,PSY,225,0,0,1,0,0,0,0,0,0,0,0,,,,
Sex/Gender - Nature/Nurture: Intersections of Biology and Society,22838,PSY,226,0,0,0,0,0,0,0,0,0,1,0,,,,
Anthropology and Psychology,1991,PSY,227,0,0,1,0,0,0,0,0,0,0,0,,,,
Relationships across the Lifespan,25025,PSY,230,0,1,0,0,0,0,0,0,0,0,0,,,,
Psychosocial Aspects of Human Development,5027,PSY,236,0,0,1,0,0,0,0,0,0,0,0,,,,
Adolescence,8828,PSY,239,0,0,0,0,0,0,0,0,0,0,0,,,,
Adolescence,25258,PSY,239-1,0,1,0,0,0,0,0,0,0,0,0,,,,
Educational Psychology,3519,PSY,240,0,0,1,0,0,0,0,0,0,0,0,,,,
Discovering Education and Human Development I: How Social Scientists Learn from Data,23620,PSY,242D,0,0,0,0,0,0,1,0,0,0,0,,,,
Myths and Mysteries of Memory,8784,PSY,250,0,0,0,0,0,0,0,0,0,1,0,,,,
Psychology of Thinking,8809,PSY,252,0,0,0,0,0,0,0,0,0,1,0,,,,
Human Cognitive Evolution,18842,PSY,255,0,0,0,0,1,0,0,0,0,0,0,,,,
Psychology of Language,8824,PSY,256,0,0,0,0,0,0,0,0,1,0,0,,,,
Introduction to Cognitive Neuroscience,8794,PSY,257,0,0,0,0,0,0,0,0,0,0,0,,,,
Introduction to Cognitive Neuroscience,25349,PSY,257D,0,0,0,0,0,0,0,0,0,0,0,,,,
Decision Neuroscience,8820,PSY,258,0,0,0,0,0,0,0,0,0,1,0,,,,
Behavior and Neurochemistry,8814,PSY,273,0,0,0,0,0,0,0,0,0,0,0,,,,
Drugs, Brain, and Behavior,7789,PSY,274,0,0,0,0,0,0,0,0,0,0,0,,
Fundamentals of Neuroscience,8825,PSY,275D,0,0,0,0,0,0,0,0,0,1,0,,,,
Brain and Behavior: Translating Neuroscience,8827,PSY,276,0,0,0,0,0,0,0,0,0,0,0,,,,
Looking Inside the Disordered Brain,20495,PSY,277,0,0,0,0,0,0,0,0,0,0,0,,,,
Neuroethics,20466,PSY,278,0,0,0,0,0,0,1,0,0,0,0,,,,
Behavioral Neuroimmunology: Brain and Behavior in Health and Disease,20075,PSY,279,0,0,0,0,0,0,0,0,0,0,0,,,,
Social and Affective Neuroscience,20496,PSY,280,0,0,1,0,0,0,0,0,0,0,0,,,,
Social and Affective Neuroscience,20496,PSY,280S,0,0,1,0,0,0,0,0,0,0,0,,,,
Neuroscientific Approaches to Social Behavior,8864,PSY,281,0,0,0,0,0,0,0,0,1,0,0,,,,
Neuroscience of Movement and Athletic Performance,21824,PSY,282,0,0,0,0,0,0,0,0,0,0,0,,,,
Music as Biology,24114,PSY,288S,0,0,0,0,0,0,0,0,0,0,0,,,,
Special Topics in Psychology - Seminar,21912,PSY,290S,0,0,0,0,0,0,0,0,0,0,0,,,,
Brain Waves and Cognition,8925,PSY,302L,0,0,0,0,0,0,0,0,1,0,0,,,,
Child Observation,8933,PSY,304,0,0,0,0,0,0,0,0,1,0,0,,,,
Research Methods in Social Psychology,8936,PSY,305,0,0,0,0,0,0,0,0,1,0,0,,,,
Research Methods in Clinical Psychology,8937,PSY,306,0,0,0,0,0,0,0,0,1,0,0,,,,
Perception and the Brain,8930,PSY,308L,0,0,0,0,0,0,0,0,1,0,0,,,,
Research Methods in Psychopathology and Psychotherapy,14606,PSY,310,0,0,0,0,0,0,0,0,1,0,0,,,,
Contemporary Neuroscience Methods,20499,PSY,313,0,0,0,0,0,0,0,0,0,0,0,,,,
Coping with Catastrophic Events,8859,PSY,317S,0,0,0,0,0,0,0,0,1,0,0,,,,
Psychology of Positive Emotion and Experience,17414,PSY,318S,0,0,1,0,0,0,0,0,0,0,0,,,,
Personality and Individual Differences,8858,PSY,321S,0,0,0,0,0,0,0,0,0,1,0,,,,
Motivation Science in Social Psychology,23210,PSY,324S,0,1,0,0,0,0,0,0,0,0,0,,,,
Social Development from Childhood to Early Adulthood,8819,PSY,325,0,0,1,0,0,0,0,0,0,0,0,,,,
Develop Your Life: A Human Development and Human-Centered Design Approach,25075,PSY,330S,0,0,1,0,0,0,0,0,0,0,0,,,,
Moral Development,24977,PSY,335S,0,0,1,0,0,0,0,0,0,0,0,,,,
Social Processes among Peers,25300,PSY,337S,0,0,0,0,0,0,0,0,1,0,0,,,,
Life Span Analysis of Social Relationships,8853,PSY,339S,0,0,0,0,0,0,0,0,1,0,0,,,,
Educational Neuroscience,22577,PSY,340S,0,0,0,0,0,0,0,0,0,0,0,,,,
Neuroplasticity and Expertise,23875,PSY,351S,0,0,0,0,0,0,0,0,0,0,1,,,,
Neuroplasticity and Disease: Molecules, Cells, and Circuits,24317,PSY,353S,0,0,0,0,0,0,0,0,0,0,1,,
Visual Perception and the Brain,23230,PSY,355S,0,0,0,0,0,0,0,0,0,0,1,,,,
Behavioral Finance: A Taxonomy of Money Mistakes,22466,PSY,368,0,1,0,0,0,0,0,0,0,0,0,,,,
Behavioral Finance: A Taxonomy of Money Mistakes,24177,PSY,368A,0,0,0,0,0,0,0,0,0,0,0,,,,
Functional Anatomy of the Human Brain,20039,PSY,375L,0,0,0,0,0,0,0,0,0,1,0,,,,
Behavioral Neuroendocrinology,21304,PSY,376S,0,0,0,0,0,0,0,0,0,0,1,,,,
Special Topics in Psychology,8886,PSY,390S,0,0,0,0,0,0,0,0,0,0,0,,,,
Great Ideas in Psychology,8919,PSY,405S,0,0,0,0,0,0,0,0,1,0,0,,,,
History of Modern Psychology,8940,PSY,407S,0,0,0,0,0,0,0,0,0,1,0,,,,
Disorders of Anxiety,21810,PSY,411S,0,1,0,0,0,0,0,0,0,0,0,,,,
Psychology of Criminal Behavior,23902,PSY,412S,0,0,0,0,0,0,1,0,0,0,0,,,,
The Psychology of Consumers,8800,PSY,425,0,0,0,0,0,0,1,0,0,0,0,,,,
Social Psychology of Business,8829,PSY,426,0,0,1,0,0,0,0,0,0,0,0,,,,
The Role of Race and Culture on Development,8860,PSY,435S,0,0,1,0,0,0,0,0,0,0,0,,,,
Clinical Interventions with Children and Families,8847,PSY,436S,0,0,0,0,0,0,0,0,0,0,1,,,,
Language Development,25032,PSY,437S,0,0,0,0,0,0,0,0,0,0,0,,,,
Neuroscience Service Learning: Brain Connections,23958,PSY,444S,0,0,0,0,0,0,0,0,0,1,0,,,,
The Psychology of Trauma and Memory,20150,PSY,450S,0,0,0,0,0,0,0,0,1,0,0,,,,
Autobiographical Memory,8952,PSY,451S,0,0,0,0,0,0,0,0,1,0,0,,,,
Mind Wandering and Inattention,25330,PSY,453S,0,1,0,0,0,0,0,0,0,0,0,,,,
Neurobiology of Learning and Memory,8861,PSY,461S,0,0,0,0,1,0,0,0,0,0,0,,,,
Neuroscience Applications for Everyday Decision Making,24713,PSY,462S,0,0,0,0,0,0,0,0,0,1,0,,,,
Cognitive Control and the Prefrontral Cortex,8954,PSY,469S,0,0,0,0,0,0,0,0,1,0,0,,,,
Cognitive Neuroscience of Memory,14982,PSY,470S,0,0,0,0,0,0,0,0,0,0,0,,,,
Reward and Addiction,8845,PSY,471S,0,0,0,0,0,0,0,0,0,0,1,,,,
The Neurobiology of the Pain System: Its Function and Dysfunctions,8866,PSY,473S,0,0,0,0,0,0,0,0,1,0,0,,,,
Biological Psychology of Human Development,8855,PSY,474S,0,0,0,0,0,0,0,0,1,0,0,,,,
Biology of Nervous System Diseases,20040,PSY,477S,0,0,0,0,0,0,0,0,0,0,0,,,,
Motivation, Action, Choice: Neural and Behavioral Mechanisms,22463,PSY,478S,0,0,0,0,0,0,0,0,0,0,1,,
Duke Administered Study Abroad: Special Topics in Psychology,21618,PSY,490A,0,0,0,0,0,0,0,0,0,0,0,,,,
Special Topics in Psychology,23286,PSY,490S,0,0,0,0,0,0,0,0,0,0,0,,,,
Distinction Thesis Workshop,18490,PSY,496,0,0,0,0,0,0,0,0,0,0,1,,,,
Current Research in Neuroscience,22544,PSY,499,0,0,0,0,0,0,1,0,0,0,0,,,,
Current Research in Neuroscience,13796,PSY,499S,0,0,0,0,0,0,1,0,0,0,0,,,,