1056506,Haiyan Gao
1056506,Haiyan Gao
1056506,Haiyan Gao
2168180,Phillip Spencer Barbeau
0228928,Stephen W Teitsworth
1676816,Mohammad Ahmed
1676816,Mohammad Ahmed
0557251,Steffen A Bass
0557251,Steffen A Bass
0402973,Ronen M Plesser
0268806,Mark C Kruse
0402973,Ronen M Plesser
0268806,Mark C Kruse
0268806,Mark C Kruse
0268806,Mark C Kruse
0402973,Ronen M Plesser
0402973,Ronen M Plesser
0228086,Dewey T Lawson
0228086,Dewey T Lawson
0228086,Dewey T Lawson
0228831,Joshua E Socolar
0228831,Joshua E Socolar
0227876,Calvin R Howell
0227876,Calvin R Howell
1029962,Arya Roy
0227251,Robert G Brown
0227251,Robert G Brown
1029962,Arya Roy
0227251,Robert G Brown
0807761,Ying Wu
1029962,Arya Roy
0557254,Glenn Edwards
0807761,Ying Wu
1029962,Arya Roy
0557254,Glenn Edwards
0227251,Robert G Brown
1029962,Arya Roy
0557254,Glenn Edwards
0227251,Robert G Brown
1029962,Arya Roy
0399698,Ashutosh V Kotwal
0227251,Robert G Brown
0227553,Lawrence E Evans
0399698,Ashutosh V Kotwal
0227251,Robert G Brown
1356143,Robert A Tyndall
0227251,Robert G Brown
1356143,Robert A Tyndall
0227251,Robert G Brown
1356143,Robert A Tyndall
0227251,Robert G Brown
1356143,Robert A Tyndall
0227251,Robert G Brown
1785488,John E Ladenburger
0227251,Robert G Brown
1785488,John E Ladenburger
0227251,Robert G Brown
1785488,John E Ladenburger
0227553,Lawrence E Evans
0557251,Steffen A Bass
0228363,Berndt Mueller
1038285,Albert M Chang
0227553,Lawrence E Evans
0557251,Steffen A Bass
0227650,Daniel J Gauthier
1038285,Albert M Chang
0227553,Lawrence E Evans
0557251,Steffen A Bass
0227650,Daniel J Gauthier
1038285,Albert M Chang
0227553,Lawrence E Evans
0228928,Stephen W Teitsworth
0807761,Ying Wu
1038285,Albert M Chang
0227553,Lawrence E Evans
0227251,Robert G Brown
0807761,Ying Wu
1029962,Arya Roy
0227553,Lawrence E Evans
0227876,Calvin R Howell
0807761,Ying Wu
1029962,Arya Roy
0227553,Lawrence E Evans
0227876,Calvin R Howell
0557254,Glenn Edwards
0227251,Robert G Brown
0227251,Robert G Brown
0227251,Robert G Brown
0227251,Robert G Brown
0227251,Robert G Brown
0227251,Robert G Brown
0227169,Robert P Behringer
0227711,Alfred T Goshaw
0227711,Alfred T Goshaw
0227711,Alfred T Goshaw
1029962,Arya Roy
0227251,Robert G Brown
1029962,Arya Roy
1029962,Arya Roy
0268806,Mark C Kruse
0402963,Harold U Baranger
2168180,Phillip Spencer Barbeau
2168180,Phillip Spencer Barbeau
2168180,Phillip Spencer Barbeau
1029962,Arya Roy
1038285,Albert M Chang
1029962,Arya Roy
1038285,Albert M Chang
1038285,Albert M Chang
0228852,Roxanne Springer
0228852,Roxanne Springer
0228852,Roxanne Springer
0228852,Roxanne Springer
0268806,Mark C Kruse
0268806,Mark C Kruse
0268806,Mark C Kruse
0228852,Roxanne Springer
0228852,Roxanne Springer
1830348,Derek P Leadbetter
1235577,Kate Scholberg
1349620,Christopher Walter
1830348,Derek P Leadbetter
1830348,Derek P Leadbetter
1025533,Kenneth Alan McKenzie
1025533,Kenneth Alan McKenzie
1830348,Derek P Leadbetter
1025533,Kenneth Alan McKenzie
1830348,Derek P Leadbetter
0227728,Henry Greenside
0227251,Robert G Brown
0227251,Robert G Brown
0227251,Robert G Brown
0227728,Henry Greenside
0227728,Henry Greenside
1025533,Kenneth Alan McKenzie
1025533,Kenneth Alan McKenzie
2044669,Yuriy V Bomze
1830348,Derek P Leadbetter
1025533,Kenneth Alan McKenzie
1025533,Kenneth Alan McKenzie
1025533,Kenneth Alan McKenzie
1025533,Kenneth Alan McKenzie
1830348,Derek P Leadbetter
0227728,Henry Greenside
0227728,Henry Greenside
0228296,John Michael Mercer
2446361,Nicolas Brunel
1865251,Katherine B Hayles
1865251,Katherine B Hayles
0402973,Ronen M Plesser
1865251,Katherine B Hayles
0228831,Joshua E Socolar
1038285,Albert M Chang
1038285,Albert M Chang
0227728,Henry Greenside
2287541,Sara Haravifard
0227251,Robert G Brown
2287541,Sara Haravifard
2287541,Sara Haravifard
0557256,Gleb Finkelstein
1235577,Kate Scholberg
1235577,Kate Scholberg
1235577,Kate Scholberg
2182776,Andrew Michael Seredinski
0557256,Gleb Finkelstein
0228462,Richard G Palmer
1349620,Christopher Walter
1349620,Christopher Walter
1349620,Christopher Walter
1349620,Christopher Walter
2168180,Phillip Spencer Barbeau
2168180,Phillip Spencer Barbeau
1506329,Tomoyuki Yoshie
1405431,Adrienne D Stiff-Roberts
1405431,Adrienne D Stiff-Roberts
2114152,Maiken Mikkelsen
1111889,Nan M Jokerst
0227941,William T Joines
0227876,Calvin R Howell
0227876,Calvin R Howell
0227876,Calvin R Howell
0227876,Calvin R Howell
0227876,Calvin R Howell
1235577,Kate Scholberg
1235577,Kate Scholberg
0557254,Glenn Edwards
0557254,Glenn Edwards
0227251,Robert G Brown
0227251,Robert G Brown
0227251,Robert G Brown
0557256,Gleb Finkelstein
0557256,Gleb Finkelstein
0228296,John Michael Mercer
2044669,Yuriy V Bomze
0228296,John Michael Mercer
2044669,Yuriy V Bomze
1923253,Nicolas Buchler
0557254,Glenn Edwards
0697118,David Beratan
1923253,Nicolas Buchler
0227728,Henry Greenside
0227728,Henry Greenside
0227728,Henry Greenside
1923253,Nicolas Buchler
0557254,Glenn Edwards
0697118,David Beratan
1923253,Nicolas Buchler
0227728,Henry Greenside
0227728,Henry Greenside
0227728,Henry Greenside
0227728,Henry Greenside
0227728,Henry Greenside
0227728,Henry Greenside
0228296,John Michael Mercer
0228434,Seog H Oh
0228434,Seog H Oh
0228434,Seog H Oh
0228434,Seog H Oh
0228434,Seog H Oh
0228434,Seog H Oh
0228434,Seog H Oh
0228928,Stephen W Teitsworth
1029962,Arya Roy
1029962,Arya Roy
1029962,Arya Roy
1029962,Arya Roy
0228852,Roxanne Springer
0228852,Roxanne Springer
0956652,Thomas C Mehen
0956652,Thomas C Mehen
0956652,Thomas C Mehen
2295324,Thomas Barthel
2295324,Thomas Barthel
2295324,Thomas Barthel
2295324,Thomas Barthel
0399180,Departmental Staff
0399180,Departmental Staff
0228928,Stephen W Teitsworth
1056506,Haiyan Gao
0399180,Departmental Staff
0399180,Departmental Staff
0399180,Departmental Staff
0399180,Departmental Staff
0399180,Departmental Staff
0399180,Departmental Staff
0557254,Glenn Edwards
0228928,Stephen W Teitsworth
0399180,Departmental Staff
0399180,Departmental Staff
0402967,Shailesh Chandrasekharan
0514601,Paul S Aspinwall
0399180,Departmental Staff
0399180,Departmental Staff
0399180,Departmental Staff
1235577,Kate Scholberg
0399180,Departmental Staff
2168180,Phillip Spencer Barbeau
1904536,Xavier S Mela
0399180,Departmental Staff
0399180,Departmental Staff
0399180,Departmental Staff
0227251,Robert G Brown
0399180,Departmental Staff
0402975,Malgorzata Hueckel
2430402,Paulina M Duda
2430402,Paulina M Duda
0402975,Malgorzata Hueckel
2430402,Paulina M Duda
1629804,Beth Holmgren
1629804,Beth Holmgren
1629804,Beth Holmgren
1629804,Beth Holmgren
0402975,Malgorzata Hueckel
1629804,Beth Holmgren
2430402,Paulina M Duda
2105721,Blanka Weronika Kotlinska
2430402,Paulina M Duda
1629804,Beth Holmgren
1629804,Beth Holmgren
1228151,Tim Buthe
0228368,Michael Munger
2353327,Michelle Whyman
0228368,Michael Munger
0961319,Gary Hawkins
0961319,Gary Hawkins
0961319,Gary Hawkins
0961319,Gary Hawkins
0961319,Gary Hawkins
0961319,Gary Hawkins
0961319,Gary Hawkins
0961319,Gary Hawkins
0961319,Gary Hawkins
0961319,Gary Hawkins
0961319,Gary Hawkins
0961319,Gary Hawkins
0961319,Gary Hawkins
0961319,Gary Hawkins
0961319,Gary Hawkins
0961319,Gary Hawkins
1676649,Stephen William Smith
1676649,Stephen William Smith
1676649,Stephen William Smith
2008285,Jane O Ifekwunigwe
1676649,Stephen William Smith
2008285,Jane O Ifekwunigwe
1513948,Anne-Maria B Makhulu
0228518,Charles D Piot
1676649,Stephen William Smith
0400149,Karin Shapiro
0228518,Charles D Piot
1676649,Stephen William Smith
2428765,Samuel F Daly
1513948,Anne-Maria B Makhulu
1963968,Frances S Hasso
1017919,Leigh M Campoamor
1017919,Leigh M Campoamor
2167527,Jessica Namakkal
2167527,Jessica Namakkal
1916002,Catherine Mathers
1916002,Catherine Mathers
2167527,Jessica Namakkal
1916002,Catherine Mathers
2300740,Eli Meyerhoff
2300740,Eli Meyerhoff
2167527,Jessica Namakkal
1916002,Catherine Mathers
1407954,Adam R Rosenblatt
0227076,John H Aldrich
1831189,Gregory Schober
1725834,Francis J Orlando
1725834,Francis J Orlando
2107110,Jesse Summers
1877086,Geoffrey Harpham
0227719,Ruth W Grant
0227719,Ruth W Grant
0227719,Ruth W Grant
1084437,Matthew Cole
0227719,Ruth W Grant
1425574,David C Toole
0227719,Ruth W Grant
0228368,Michael Munger
2049628,Joseph Connors
0228368,Michael Munger
0228368,Michael Munger
1417992,Richard Salsman
1417992,Richard Salsman
1417992,Richard Salsman
0228368,Michael Munger
2359944,Daniel Stegmueller
2359944,Daniel Stegmueller
2359944,Daniel Stegmueller
2360875,Ian R Macmullen
2360875,Ian R Macmullen
1049204,Rebecca Stein
1049204,Rebecca Stein
0227731,Joseph M Grieco
2107826,Michael Lee
0227570,Peter D Feaver
0227570,Peter D Feaver
0227731,Joseph M Grieco
0227570,Peter D Feaver
0227570,Peter D Feaver
1832178,Danielle Lupton
0461470,Nathaniel Harris
2292605,Gary Uzonyi
1912953,Jed W Atkins
1912953,Jed W Atkins
1912953,Jed W Atkins
1912953,Jed W Atkins
1588262,Ashley Jardina
1588262,Ashley Jardina
2107208,Alexander Simon Kirshner
2107208,Alexander Simon Kirshner
2107208,Alexander Simon Kirshner
0228851,Thomas A Spragens
2107208,Alexander Simon Kirshner
2107208,Alexander Simon Kirshner
2107208,Alexander Simon Kirshner
0399717,Scott De Marchi
0399717,Scott De Marchi
0228368,Michael Munger
0399717,Scott De Marchi
1625133,Georg Vanberg
1625133,Georg Vanberg
1964312,Gareth O Price
1964312,Gareth O Price
1964312,Gareth O Price
1964312,Gareth O Price
1964312,Gareth O Price
1964312,Gareth O Price
1211659,Nora A Hanagan
1211659,Nora A Hanagan
1211659,Nora A Hanagan
1211659,Nora A Hanagan
1211659,Nora A Hanagan
2305923,Juliette Duara
2129791,Jacob Guion Wade Soule
2189080,Xuenan Cao
1915758,D. Sunshine Hillygus
1915758,D. Sunshine Hillygus
1915758,D. Sunshine Hillygus
1915758,D. Sunshine Hillygus
1915758,D. Sunshine Hillygus
1057511,Jessica D Carew
1057511,Jessica D Carew
1931512,Laura Frankel
1928167,Bailey K. Sanders
1928167,Bailey K. Sanders
2071081,Mandy Lee Cooper
1273645,Taneisha Means
1588262,Ashley Jardina
1588262,Ashley Jardina
1588262,Ashley Jardina
1211659,Nora A Hanagan
1211659,Nora A Hanagan
1211659,Nora A Hanagan
1211659,Nora A Hanagan
1211659,Nora A Hanagan
1211659,Nora A Hanagan
1402926,Christopher Johnston
1402926,Christopher Johnston
1912953,Jed W Atkins
1912953,Jed W Atkins
1912953,Jed W Atkins
1912953,Jed W Atkins
0227873,Jerry F Hough
0227873,Jerry F Hough
0227873,Jerry F Hough
0228203,David Michael Malone
1854986,Eric J. Mlyn
1854986,Eric J. Mlyn
0400149,Karin Shapiro
0400149,Karin Shapiro
1820157,Abdeslam E M Maghraoui
1820157,Abdeslam E M Maghraoui
1820157,Abdeslam E M Maghraoui
1786771,Pablo Beramendi Alvarez
1786771,Pablo Beramendi Alvarez
1786771,Pablo Beramendi Alvarez
2036518,Tana L Johnson
2036518,Tana L Johnson
2036518,Tana L Johnson
2036518,Tana L Johnson
2036518,Tana L Johnson
0461470,Nathaniel Harris
2108099,Laia Balcells
2108099,Laia Balcells
1677239,Bahar Leventoglu
1677239,Bahar Leventoglu
1677239,Bahar Leventoglu
0228408,Emerson Niou
0228408,Emerson Niou
2167838,Kyle Beardsley
2167838,Kyle Beardsley
2167838,Kyle Beardsley
2167838,Kyle Beardsley
1049477,Kerry L Haynie
1049477,Kerry L Haynie
1049477,Kerry L Haynie
1049477,Kerry L Haynie
2232150,Ralph Bruce Lawrence
1049477,Kerry L Haynie
1049477,Kerry L Haynie
1049477,Kerry L Haynie
1049477,Kerry L Haynie
1049477,Kerry L Haynie
1049477,Kerry L Haynie
1049477,Kerry L Haynie
1915758,D. Sunshine Hillygus
1915758,D. Sunshine Hillygus
1915758,D. Sunshine Hillygus
1402926,Christopher Johnston
1402926,Christopher Johnston
1402926,Christopher Johnston
1402926,Christopher Johnston
1402926,Christopher Johnston
1429437,Kristin A Goss
1429437,Kristin A Goss
1429437,Kristin A Goss
1429437,Kristin A Goss
1429437,Kristin A Goss
1429437,Kristin A Goss
1429437,Kristin A Goss
1429437,Kristin A Goss
1429437,Kristin A Goss
1429437,Kristin A Goss
1429437,Kristin A Goss
1429437,Kristin A Goss
1429437,Kristin A Goss
1429437,Kristin A Goss
1415758,Daniel B Magleby
1941400,Mark R Dudley
1941400,Mark R Dudley
1941400,Mark R Dudley
2170599,Danielle M. Thomsen
2292652,Joel A Sievert
0228368,Michael Munger
0227076,John H Aldrich
0227076,John H Aldrich
1244914,Neil S Siegel
1244914,Neil S Siegel
0228508,Dirk Philipsen
0228508,Dirk Philipsen
0228508,Dirk Philipsen
0228508,Dirk Philipsen
0228508,Dirk Philipsen
0228508,Dirk Philipsen
0228508,Dirk Philipsen
0228508,Dirk Philipsen
0228508,Dirk Philipsen
0228508,Dirk Philipsen
1615324,William Donahue
1615324,William Donahue
1615324,William Donahue
1354618,Susanne C Freytag
1862454,Jakob Norberg
0228508,Dirk Philipsen
0228508,Dirk Philipsen
1912035,Eve Duffy
1912035,Eve Duffy
1912035,Eve Duffy
1912035,Eve Duffy
1912035,Eve Duffy
1889096,Nolan Bennett
1888637,Gent Carrabregu
0382212,Alexander Schulman
0227719,Ruth W Grant
1889096,Nolan Bennett
0227719,Ruth W Grant
0962121,Allen E Buchanan
0962121,Allen E Buchanan
0962121,Allen E Buchanan
0962121,Allen E Buchanan
2161891,Anna Kipervaser
2161891,Anna Kipervaser
2161891,Anna Kipervaser
2161891,Anna Kipervaser
0382212,Alexander Schulman
1882059,Aaron Roberts
1871363,Jonathan Schwartz
1084437,Matthew Cole
1882059,Aaron Roberts
1880835,Darren Beattie
1893264,Eric Wai-Hang Cheng
0388299,Thomas S. Rankin
0388299,Thomas S. Rankin
2036237,Talena Sanders
0388299,Thomas S. Rankin
2162030,Nicholas Pilarski
0388299,Thomas S. Rankin
2161891,Anna Kipervaser
2222117,Jason Oppliger
2161891,Anna Kipervaser
2222416,Michaela O'Brien
2222117,Jason Oppliger
2161891,Anna Kipervaser
2161891,Anna Kipervaser
2281218,Colleen Pesci
2107208,Alexander Simon Kirshner
2107208,Alexander Simon Kirshner
2107208,Alexander Simon Kirshner
0399180,Departmental Staff
0408329,Anirudh Krishna
1176634,Jenette Wood Crowley
0399180,Departmental Staff
0399180,Departmental Staff
1176634,Jenette Wood Crowley
1865419,Giovanni Zanalda
0399180,Departmental Staff
0399180,Departmental Staff
0399180,Departmental Staff
0399180,Departmental Staff
0399180,Departmental Staff
0399180,Departmental Staff
0399180,Departmental Staff
0399180,Departmental Staff
0399180,Departmental Staff
0399180,Departmental Staff
0399180,Departmental Staff
0399180,Departmental Staff
0399180,Departmental Staff
0399180,Departmental Staff
0399180,Departmental Staff
0227719,Ruth W Grant
0399180,Departmental Staff
0399180,Departmental Staff
0399180,Departmental Staff
0399180,Departmental Staff
0399180,Departmental Staff
0399180,Departmental Staff
0399180,Departmental Staff
0399180,Departmental Staff
0399180,Departmental Staff
0399180,Departmental Staff
0399180,Departmental Staff
0399180,Departmental Staff
0399180,Departmental Staff
0399180,Departmental Staff
0399180,Departmental Staff
0399180,Departmental Staff
0228368,Michael Munger
0399180,Departmental Staff
0399180,Departmental Staff
0399180,Departmental Staff
0399180,Departmental Staff
0399180,Departmental Staff
0399180,Departmental Staff
0399180,Departmental Staff
0399180,Departmental Staff
1786771,Pablo Beramendi Alvarez
0399180,Departmental Staff
0399180,Departmental Staff
0228408,Emerson Niou
0228368,Michael Munger
0399180,Departmental Staff
0399180,Departmental Staff
1820157,Abdeslam E M Maghraoui
0399180,Departmental Staff
1820157,Abdeslam E M Maghraoui
0399180,Departmental Staff
0399180,Departmental Staff
0399180,Departmental Staff
0399180,Departmental Staff
0399180,Departmental Staff
0399180,Departmental Staff
0399180,Departmental Staff
0399180,Departmental Staff
0399180,Departmental Staff
0399180,Departmental Staff
0399180,Departmental Staff
0399180,Departmental Staff
0399180,Departmental Staff
0399180,Departmental Staff
0399180,Departmental Staff
0399180,Departmental Staff
0399180,Departmental Staff
0399180,Departmental Staff
0399180,Departmental Staff
0399180,Departmental Staff
1625133,Georg Vanberg
0399180,Departmental Staff
0399180,Departmental Staff
0399180,Departmental Staff
0399180,Departmental Staff
0399180,Departmental Staff
0399180,Departmental Staff
0399180,Departmental Staff
0399180,Departmental Staff
0399180,Departmental Staff
0399180,Departmental Staff
0399180,Departmental Staff
0399180,Departmental Staff
0399180,Departmental Staff
0399180,Departmental Staff
1615324,William Donahue
0399180,Departmental Staff
0399180,Departmental Staff
0399180,Departmental Staff
0940441,Jochen Wohlfeil
0399180,Departmental Staff
0399180,Departmental Staff
1615324,William Donahue
1615324,William Donahue
0399180,Departmental Staff
0399180,Departmental Staff
0403137,Alexander Rosenberg
0403137,Alexander Rosenberg
0403137,Alexander Rosenberg
0403137,Alexander Rosenberg
0403137,Alexander Rosenberg
0403137,Alexander Rosenberg
0403137,Alexander Rosenberg
1999749,Brent Haas
0228238,Frederick Mayer
1581997,Nicholas W Carnes
1429437,Kristin A Goss
0228238,Frederick Mayer
1581997,Nicholas W Carnes
2232916,Deondra E Rose
1429437,Kristin A Goss
2232916,Deondra E Rose
2036518,Tana L Johnson
2232916,Deondra E Rose
2352902,Philip M Napoli
0403125,Bruce W Jentleson
0408329,Anirudh Krishna
2232916,Deondra E Rose
1450427,David W Rohde
1450427,David W Rohde
1450427,David W Rohde
0227783,Michael P Hardt
0227783,Michael P Hardt
2300740,Eli Meyerhoff
0598466,Karen Remmer
0598466,Karen Remmer
0598466,Karen Remmer
0598466,Karen Remmer
1723951,Rebecca S Hatch
2292652,Joel A Sievert
2314159,Melanie Manion
2314159,Melanie Manion
2314159,Melanie Manion
2314159,Melanie Manion
2314159,Melanie Manion
2314159,Melanie Manion
1415758,Daniel B Magleby
1450427,David W Rohde
2353327,Michelle Whyman
2353327,Michelle Whyman
2353327,Michelle Whyman
1049477,Kerry L Haynie
1049477,Kerry L Haynie
1049477,Kerry L Haynie
1049477,Kerry L Haynie
1049477,Kerry L Haynie
1049477,Kerry L Haynie
0227731,Joseph M Grieco
0227731,Joseph M Grieco
0227731,Joseph M Grieco
0227731,Joseph M Grieco
0227731,Joseph M Grieco
0228408,Emerson Niou
0228408,Emerson Niou
0228408,Emerson Niou
0228408,Emerson Niou
2314159,Melanie Manion
2314159,Melanie Manion
0399180,Departmental Staff
0399180,Departmental Staff
2108099,Laia Balcells
2108099,Laia Balcells
2292605,Gary Uzonyi
2292605,Gary Uzonyi
2108099,Laia Balcells
2428376,Alexis Henshaw
2428376,Alexis Henshaw
0393842,Edmund J Malesky
0393842,Edmund J Malesky
1980247,Jonathan Anomaly
1980247,Jonathan Anomaly
0228368,Michael Munger
1980247,Jonathan Anomaly
1980247,Jonathan Anomaly
1980247,Jonathan Anomaly
1543508,Geoffrey Brennan
1980247,Jonathan Anomaly
1417992,Richard Salsman
2234233,Barry J Maguire
1980247,Jonathan Anomaly
1980247,Jonathan Anomaly
0228368,Michael Munger
2428786,Alfredo W Watkins
1417992,Richard Salsman
0403137,Alexander Rosenberg
1417992,Richard Salsman
1417992,Richard Salsman
0228408,Emerson Niou
1397980,Michael G. Roth
0228408,Emerson Niou
0228408,Emerson Niou
0228408,Emerson Niou
0228408,Emerson Niou
0228408,Emerson Niou
2173686,Scott Lincicome
1189324,Jonathan C Jordan
2173686,Scott Lincicome
0400149,Karin Shapiro
0400149,Karin Shapiro
0400149,Karin Shapiro
0400149,Karin Shapiro
0400149,Karin Shapiro
0400149,Karin Shapiro
0393842,Edmund J Malesky
0393842,Edmund J Malesky
0393842,Edmund J Malesky
0227138,Edward J Balleisen
0227138,Edward J Balleisen
2003020,William Dixon Goldsmith
2188692,Ashton Wynette Bagley Merck
2040211,Suzanne Katzenstein
2040211,Suzanne Katzenstein
2040211,Suzanne Katzenstein
2040211,Suzanne Katzenstein
1625133,Georg Vanberg
1625133,Georg Vanberg
1625133,Georg Vanberg
0228408,Emerson Niou
0228408,Emerson Niou
1625133,Georg Vanberg
0228009,Herbert P Kitschelt
0228009,Herbert P Kitschelt
1805999,Erik Wibbels
1805999,Erik Wibbels
0598466,Karen Remmer
0598466,Karen Remmer
0598466,Karen Remmer
0598466,Karen Remmer
0598466,Karen Remmer
1228151,Tim Buthe
2361280,Bora Park
1930546,Sarah B Bermeo
1773703,Timur Kuran
1773703,Timur Kuran
1820157,Abdeslam E M Maghraoui
1820157,Abdeslam E M Maghraoui
1820157,Abdeslam E M Maghraoui
0598466,Karen Remmer
0598466,Karen Remmer
0598466,Karen Remmer
0598466,Karen Remmer
0403125,Bruce W Jentleson
0403125,Bruce W Jentleson
1923145,Mustafa O Tuna
1923145,Mustafa O Tuna
0227570,Peter D Feaver
0227570,Peter D Feaver
0227570,Peter D Feaver
1451489,Erika S Weinthal
1451489,Erika S Weinthal
1451489,Erika S Weinthal
1451489,Erika S Weinthal
1883055,Daniel Krcmaric
2107826,Michael Lee
1877507,Max Gallop
0227783,Michael P Hardt
0227783,Michael P Hardt
0227783,Michael P Hardt
0227783,Michael P Hardt
0227783,Michael P Hardt
0227783,Michael P Hardt
0227783,Michael P Hardt
0228354,Michael M Morton
0228354,Michael M Morton
2224534,Henry Pickford
2224534,Henry Pickford
2224534,Henry Pickford
2357100,Adam Mestyan
2357100,Adam Mestyan
0951771,Kathi Weeks
0951771,Kathi Weeks
2504059,Patrice D Douglass
0388328,Kenneth S Rogerson
0388328,Kenneth S Rogerson
0970898,Joel B Rosch
0799457,Donald H Taylor
0970898,Joel B Rosch
0400149,Karin Shapiro
1049477,Kerry L Haynie
1049477,Kerry L Haynie
2497204,Jill Anderson
1049477,Kerry L Haynie
1017167,Jason Cross
1744312,Timothy W Nichols
1744312,Timothy W Nichols
1744312,Timothy W Nichols
1744312,Timothy W Nichols
1744312,Timothy W Nichols
1825806,Patricia Diane Weddington
1200543,Amber A D Pearson
1825806,Patricia Diane Weddington
1990030,Christopher Scott Kennedy
0814654,Netta R Van Vliet
2112102,Benjamin Trott
1017167,Jason Cross
1819847,Karlyn Denae Forner
2232150,Ralph Bruce Lawrence
2112102,Benjamin Trott
2232150,Ralph Bruce Lawrence
0228753,Suzanne E Shanahan
2360875,Ian R Macmullen
2305923,Juliette Duara
2305923,Juliette Duara
2305923,Juliette Duara
1017167,Jason Cross
1017167,Jason Cross
1017167,Jason Cross
1017167,Jason Cross
1930546,Sarah B Bermeo
1820157,Abdeslam E M Maghraoui
2428376,Alexis Henshaw
2300740,Eli Meyerhoff
1915758,D. Sunshine Hillygus
1915758,D. Sunshine Hillygus
1915758,D. Sunshine Hillygus
1915758,D. Sunshine Hillygus
0399180,Departmental Staff
0399180,Departmental Staff
0399180,Departmental Staff
0227679,Michael A Gillespie
0399180,Departmental Staff
0399180,Departmental Staff
0399180,Departmental Staff
0399180,Departmental Staff
0399180,Departmental Staff
0399180,Departmental Staff
0399180,Departmental Staff
0399180,Departmental Staff
0399180,Departmental Staff
0399180,Departmental Staff
0399180,Departmental Staff
0399180,Departmental Staff
0399180,Departmental Staff
0399180,Departmental Staff
0399180,Departmental Staff
0399180,Departmental Staff
0399180,Departmental Staff
0399180,Departmental Staff
0399180,Departmental Staff
0399180,Departmental Staff
0399180,Departmental Staff
0399180,Departmental Staff
0399180,Departmental Staff
0399180,Departmental Staff
0393842,Edmund J Malesky
1912144,Guy-Uriel E Charles
0399180,Departmental Staff
0399180,Departmental Staff
0399180,Departmental Staff
0399180,Departmental Staff
0399180,Departmental Staff
1677239,Bahar Leventoglu
0399180,Departmental Staff
1244914,Neil S Siegel
0399180,Departmental Staff
0399180,Departmental Staff
0399180,Departmental Staff
0399180,Departmental Staff
0399180,Departmental Staff
0399180,Departmental Staff
0399180,Departmental Staff
0399180,Departmental Staff
0399180,Departmental Staff
0399180,Departmental Staff
0399180,Departmental Staff
0399180,Departmental Staff
0399180,Departmental Staff
0399180,Departmental Staff
0399180,Departmental Staff
0399180,Departmental Staff
0399180,Departmental Staff
0399180,Departmental Staff
0399180,Departmental Staff
0399180,Departmental Staff
0399180,Departmental Staff
0399180,Departmental Staff
0399180,Departmental Staff
0399180,Departmental Staff
1915758,D. Sunshine Hillygus
0399180,Departmental Staff
0399180,Departmental Staff
0399180,Departmental Staff
0399180,Departmental Staff
0399180,Departmental Staff
0399180,Departmental Staff
0399180,Departmental Staff
0399180,Departmental Staff
0399180,Departmental Staff
0399180,Departmental Staff
0399180,Departmental Staff
0399180,Departmental Staff
0399180,Departmental Staff
0399180,Departmental Staff
0399180,Departmental Staff
0399180,Departmental Staff
0399180,Departmental Staff
0399180,Departmental Staff
0399180,Departmental Staff
0399180,Departmental Staff
0399180,Departmental Staff
0227719,Ruth W Grant
0399180,Departmental Staff
0399180,Departmental Staff
0399180,Departmental Staff
0399180,Departmental Staff
0399180,Departmental Staff
0399180,Departmental Staff
0399180,Departmental Staff
0399180,Departmental Staff
0399180,Departmental Staff
0399180,Departmental Staff
0399180,Departmental Staff
0228368,Michael Munger
0399180,Departmental Staff
0399180,Departmental Staff
0228312,Ellen Mickiewicz
0399180,Departmental Staff
0399180,Departmental Staff
0393842,Edmund J Malesky
1865468,Jack C Knight
0970898,Joel B Rosch
1625133,Georg Vanberg
0399180,Departmental Staff
1228151,Tim Buthe
1805999,Erik Wibbels
0228009,Herbert P Kitschelt
0399180,Departmental Staff
1820157,Abdeslam E M Maghraoui
0228368,Michael Munger
0399180,Departmental Staff
1865468,Jack C Knight
0227076,John H Aldrich
0399180,Departmental Staff
1228151,Tim Buthe
0399180,Departmental Staff
0399180,Departmental Staff
2167839,David Siegel
0399717,Scott De Marchi
1744312,Timothy W Nichols
2292605,Gary Uzonyi
0399180,Departmental Staff
0399180,Departmental Staff
0399180,Departmental Staff
1820157,Abdeslam E M Maghraoui
2167839,David Siegel
2167839,David Siegel
0399180,Departmental Staff
0399180,Departmental Staff
0399180,Departmental Staff
0399180,Departmental Staff
1402926,Christopher Johnston
1402926,Christopher Johnston
0399180,Departmental Staff
0399180,Departmental Staff
0399180,Departmental Staff
0399717,Scott De Marchi
0399180,Departmental Staff
0399180,Departmental Staff
1450427,David W Rohde
2167839,David Siegel
0399180,Departmental Staff
0399180,Departmental Staff
1805999,Erik Wibbels
0399180,Departmental Staff
1228151,Tim Buthe
0399180,Departmental Staff
0399180,Departmental Staff
0399180,Departmental Staff
0399180,Departmental Staff
1980247,Jonathan Anomaly
0399180,Departmental Staff
0399180,Departmental Staff
1417992,Richard Salsman
0228368,Michael Munger
0399180,Departmental Staff
2292798,Jack Matlock
2292798,Jack Matlock
1107663,Kang Liu
2189080,Xuenan Cao
1107663,Kang Liu
1623165,Shai Ginsburg
0399826,Leo Ching
0399826,Leo Ching
1054341,Anna Krylova
1054341,Anna Krylova
1417992,Richard Salsman
1543508,Geoffrey Brennan
1980247,Jonathan Anomaly
1543508,Geoffrey Brennan
1980247,Jonathan Anomaly
1980247,Jonathan Anomaly
2234233,Barry J Maguire
1980247,Jonathan Anomaly
0228368,Michael Munger
2234233,Barry J Maguire
1733533,Alexandra Oprea
0228368,Michael Munger
1733533,Alexandra Oprea
0228368,Michael Munger
1786771,Pablo Beramendi Alvarez
1786771,Pablo Beramendi Alvarez
1786771,Pablo Beramendi Alvarez
1786771,Pablo Beramendi Alvarez
0400220,Jennifer Clare Woods
1039456,Carla M Antonaccio
0400220,Jennifer Clare Woods
1912953,Jed W Atkins
0227911,Micaela W Janan
2429194,Claire E Catenaccio
1805999,Erik Wibbels
0399180,Departmental Staff
0399180,Departmental Staff
0227679,Michael A Gillespie
0399180,Departmental Staff
0399180,Departmental Staff
0399180,Departmental Staff
1980247,Jonathan Anomaly
0399180,Departmental Staff
0399180,Departmental Staff
0399180,Departmental Staff
0399180,Departmental Staff
1588262,Ashley Jardina
0399180,Departmental Staff
0399180,Departmental Staff
1244913,Jedediah S Purdy
0399180,Departmental Staff
0399180,Departmental Staff
0227719,Ruth W Grant
0227719,Ruth W Grant
0399180,Departmental Staff
0399180,Departmental Staff
0228368,Michael Munger
0399180,Departmental Staff
0393842,Edmund J Malesky
0399180,Departmental Staff
1912144,Guy-Uriel E Charles
1830370,George L Grody
0227873,Jerry F Hough
0227873,Jerry F Hough
0228368,Michael Munger
1450427,David W Rohde
1625133,Georg Vanberg
0399180,Departmental Staff
1588262,Ashley Jardina
1244914,Neil S Siegel
0228368,Michael Munger
1588262,Ashley Jardina
2314159,Melanie Manion
0228368,Michael Munger
0227570,Peter D Feaver
1915759,Michael D. Ward
1820157,Abdeslam E M Maghraoui
2108099,Laia Balcells
1820157,Abdeslam E M Maghraoui
0399717,Scott De Marchi
1820157,Abdeslam E M Maghraoui
0399180,Departmental Staff
2167838,Kyle Beardsley
0227731,Joseph M Grieco
1820157,Abdeslam E M Maghraoui
1820157,Abdeslam E M Maghraoui
2167839,David Siegel
2428376,Alexis Henshaw
1677239,Bahar Leventoglu
2167838,Kyle Beardsley
1049477,Kerry L Haynie
1402926,Christopher Johnston
1450427,David W Rohde
1402926,Christopher Johnston
1049477,Kerry L Haynie
0399180,Departmental Staff
1588262,Ashley Jardina
0399180,Departmental Staff
1941400,Mark R Dudley
1625133,Georg Vanberg
0228368,Michael Munger
null,null
1402926,Christopher Johnston
1402926,Christopher Johnston
1915758,D. Sunshine Hillygus
0399180,Departmental Staff
0399180,Departmental Staff
0399180,Departmental Staff
0399180,Departmental Staff
0399180,Departmental Staff
0399180,Departmental Staff
0399180,Departmental Staff
0399180,Departmental Staff
1019398,Robert M Cook-Deegan
1019398,Robert M Cook-Deegan
1019398,Robert M Cook-Deegan
1019398,Robert M Cook-Deegan
2427505,Natalie J Goldring
2427505,Natalie J Goldring
2427505,Natalie J Goldring
1625133,Georg Vanberg
1820157,Abdeslam E M Maghraoui
1417992,Richard Salsman
1820157,Abdeslam E M Maghraoui
0227616,John D French
0227616,John D French
0399746,Magda Silva
0399746,Magda Silva
0399746,Magda Silva
0399746,Magda Silva
0399746,Magda Silva
0399746,Magda Silva
0399746,Magda Silva
0399746,Magda Silva
0399746,Magda Silva
0399746,Magda Silva
0399746,Magda Silva
2253268,Marcelo Simoes Nogueira
2253268,Marcelo Simoes Nogueira
0399746,Magda Silva
0399746,Magda Silva
0399746,Magda Silva
0399746,Magda Silva
0399746,Magda Silva
0399746,Magda Silva
0399746,Magda Silva
0399746,Magda Silva
0399746,Magda Silva
0399746,Magda Silva
0399746,Magda Silva
0399746,Magda Silva
0399746,Magda Silva
0399746,Magda Silva
0399746,Magda Silva
0399746,Magda Silva
0399746,Magda Silva
0399746,Magda Silva
0399746,Magda Silva
0399746,Magda Silva
0399746,Magda Silva
0399746,Magda Silva
0399746,Magda Silva
0399746,Magda Silva
0399746,Magda Silva
0399746,Magda Silva
0399746,Magda Silva
1590693,Montie B Pitts
0227616,John D French
0227616,John D French
0399746,Magda Silva
0399746,Magda Silva
1714479,Gustavo PT Furtado
1714479,Gustavo PT Furtado
2107473,Lamonte Aidoo
1714479,Gustavo PT Furtado
1714479,Gustavo PT Furtado
1714479,Gustavo PT Furtado
2107473,Lamonte Aidoo
1714479,Gustavo PT Furtado
1714479,Gustavo PT Furtado
2107473,Lamonte Aidoo
1714479,Gustavo PT Furtado
1714479,Gustavo PT Furtado
0227732,Christina Grimes
0565259,Karen L Murphy
0227732,Christina Grimes
0565259,Karen L Murphy
1889110,Christina M Tognoni
0227732,Christina Grimes
0565259,Karen L Murphy
1936407,Beatrice Capestany
0227732,Christina Grimes
1196778,Jorgianne Robinson
1236907,Mallory Roman
1315858,Stephanie J Santistevan
1196778,Jorgianne Robinson
1196778,Jorgianne Robinson
1236907,Mallory Roman
1196778,Jorgianne Robinson
1863079,Makeba P Wilbourn
2428823,Bridgette M Hard
1236907,Mallory Roman
1196778,Jorgianne Robinson
2428823,Bridgette M Hard
2428823,Bridgette M Hard
1927281,Samantha A Deffler
0602440,Roberto E Cabeza
1458249,Stephen R Mitroff
1078225,Sharda Umanath
1927281,Samantha A Deffler
0228675,David C Rubin
0227452,Ruth S Day
0602440,Roberto E Cabeza
0227452,Ruth S Day
0228675,David C Rubin
0379209,Cassandra Germain
1927281,Samantha A Deffler
0227452,Ruth S Day
0602440,Roberto E Cabeza
2363336,Kathleen Arnold
0228675,David C Rubin
1169707,Elizabeth Marsh
1288487,Eleanor K Hanna
0602440,Roberto E Cabeza
0227452,Ruth S Day
1863079,Makeba P Wilbourn
2108122,Dana Kotter-Gruehn
2108122,Dana Kotter-Gruehn
2108122,Dana Kotter-Gruehn
1863079,Makeba P Wilbourn
2108122,Dana Kotter-Gruehn
2006175,Kristin M Johnson
1863079,Makeba P Wilbourn
1863079,Makeba P Wilbourn
2299294,William Michael Tomasello
2352903,Margarita Svetlova
0462354,Kaitlin E Toner
1367607,James Y Shah
1057638,Laura Richman
1999166,Michah R Lattanner
1999166,Michah R Lattanner
1367607,James Y Shah
1196778,Jorgianne Robinson
1932166,Jennifer C Isherwood
1323200,Kathryn J Diebels
1367607,James Y Shah
1057638,Laura Richman
1840137,Julie Martin
1999166,Michah R Lattanner
1367607,James Y Shah
1196778,Jorgianne Robinson
1999166,Michah R Lattanner
1999166,Michah R Lattanner
1367607,James Y Shah
1196778,Jorgianne Robinson
1999166,Michah R Lattanner
1367607,James Y Shah
1869294,Sarah Gaither
1718562,Jordan M Carpenter
1196778,Jorgianne Robinson
1367607,James Y Shah
1869294,Sarah Gaither
1825681,Taryn Margaret Allen
0709713,M. Zachary Rosenthal
0388189,David L Rabiner
1874225,Sara N Edmond
1377894,Elizabeth Victor
0397504,Nancy L Zucker
0709713,M. Zachary Rosenthal
1934678,Allison M Detloff
0709713,M. Zachary Rosenthal
0709713,M. Zachary Rosenthal
1038986,Lindsay M Anderson
1119201,Katherine E MacDuffie
0397504,Nancy L Zucker
0709713,M. Zachary Rosenthal
1710561,Dimitri Putilin
0709713,M. Zachary Rosenthal
0397504,Nancy L Zucker
2124181,Allison Elizabeth Meyer
0397504,Nancy L Zucker
0709713,M. Zachary Rosenthal
2124181,Allison Elizabeth Meyer
0397504,Nancy L Zucker
0709713,M. Zachary Rosenthal
0565259,Karen L Murphy
0565259,Karen L Murphy
0773069,Christina Williams
0565259,Karen L Murphy
0773069,Christina Williams
0565259,Karen L Murphy
0773069,Christina Williams
0565259,Karen L Murphy
0565259,Karen L Murphy
0773069,Christina Williams
1233633,Charles M Giattino
0565259,Karen L Murphy
0565259,Karen L Murphy
0773069,Christina Williams
0565259,Karen L Murphy
0565259,Karen L Murphy
0773069,Christina Williams
0814284,Minna Ng
0814284,Minna Ng
0814284,Minna Ng
0814284,Minna Ng
0227120,Owen L Astrachan
2430275,Valeria C Caruso
0399717,Scott De Marchi
0399717,Scott De Marchi
0399717,Scott De Marchi
0399717,Scott De Marchi
1084811,Rosa Li
1355596,Amir H Rezvani
1355596,Amir H Rezvani
1355596,Amir H Rezvani
0227759,William C Hall
0227759,William C Hall
0227759,William C Hall
1836776,Amy Louise Dent
1876003,Cameron Rudd Hopkin
1786977,Rebecca A Shelby
1975447,Lasana Harris
1876003,Cameron Rudd Hopkin
1836776,Amy Louise Dent
1786977,Rebecca A Shelby
1786977,Rebecca A Shelby
2006225,Michael M Barger
1786977,Rebecca A Shelby
1786977,Rebecca A Shelby
1999166,Michah R Lattanner
1710561,Dimitri Putilin
1786977,Rebecca A Shelby
1786977,Rebecca A Shelby
2006225,Michael M Barger
1999166,Michah R Lattanner
1786977,Rebecca A Shelby
1786977,Rebecca A Shelby
2106987,Madeleine George
2188301,Stephanie Elizabeth Komoski
1786977,Rebecca A Shelby
2379486,Gregory Samanez-Larkin
2188301,Stephanie Elizabeth Komoski
0538127,Timothy Strauman
2379486,Gregory Samanez-Larkin
1940090,Alison C Koenka
0227732,Christina Grimes
0227732,Christina Grimes
0565259,Karen L Murphy
0227732,Christina Grimes
0565259,Karen L Murphy
1889110,Christina M Tognoni
0227732,Christina Grimes
0565259,Karen L Murphy
1936407,Beatrice Capestany
0227732,Christina Grimes
1196778,Jorgianne Robinson
1236907,Mallory Roman
1315858,Stephanie J Santistevan
1196778,Jorgianne Robinson
1196778,Jorgianne Robinson
1236907,Mallory Roman
1196778,Jorgianne Robinson
1863079,Makeba P Wilbourn
2428823,Bridgette M Hard
1236907,Mallory Roman
1196778,Jorgianne Robinson
2428823,Bridgette M Hard
2428823,Bridgette M Hard
1927281,Samantha A Deffler
0602440,Roberto E Cabeza
1458249,Stephen R Mitroff
1078225,Sharda Umanath
1927281,Samantha A Deffler
0228675,David C Rubin
0227452,Ruth S Day
0602440,Roberto E Cabeza
0227452,Ruth S Day
0228675,David C Rubin
0379209,Cassandra Germain
1927281,Samantha A Deffler
0227452,Ruth S Day
0602440,Roberto E Cabeza
2363336,Kathleen Arnold
0228675,David C Rubin
1169707,Elizabeth Marsh
1288487,Eleanor K Hanna
0602440,Roberto E Cabeza
0227452,Ruth S Day
1863079,Makeba P Wilbourn
2108122,Dana Kotter-Gruehn
2108122,Dana Kotter-Gruehn
2108122,Dana Kotter-Gruehn
1863079,Makeba P Wilbourn
2108122,Dana Kotter-Gruehn
2006175,Kristin M Johnson
1863079,Makeba P Wilbourn
1863079,Makeba P Wilbourn
2299294,William Michael Tomasello
2352903,Margarita Svetlova
0462354,Kaitlin E Toner
1367607,James Y Shah
1057638,Laura Richman
1999166,Michah R Lattanner
1999166,Michah R Lattanner
1367607,James Y Shah
1196778,Jorgianne Robinson
1932166,Jennifer C Isherwood
1323200,Kathryn J Diebels
1367607,James Y Shah
1057638,Laura Richman
1840137,Julie Martin
1999166,Michah R Lattanner
1367607,James Y Shah
1196778,Jorgianne Robinson
1999166,Michah R Lattanner
1999166,Michah R Lattanner
1367607,James Y Shah
1196778,Jorgianne Robinson
1999166,Michah R Lattanner
1367607,James Y Shah
1869294,Sarah Gaither
1718562,Jordan M Carpenter
1196778,Jorgianne Robinson
1367607,James Y Shah
1869294,Sarah Gaither
1825681,Taryn Margaret Allen
0709713,M. Zachary Rosenthal
0388189,David L Rabiner
1874225,Sara N Edmond
1377894,Elizabeth Victor
0397504,Nancy L Zucker
0709713,M. Zachary Rosenthal
1934678,Allison M Detloff
0709713,M. Zachary Rosenthal
0709713,M. Zachary Rosenthal
0227732,Christina Grimes
0565259,Karen L Murphy
0227732,Christina Grimes
0565259,Karen L Murphy
1889110,Christina M Tognoni
0227732,Christina Grimes
0565259,Karen L Murphy
1936407,Beatrice Capestany
0227732,Christina Grimes
1196778,Jorgianne Robinson
1236907,Mallory Roman
1315858,Stephanie J Santistevan
1196778,Jorgianne Robinson
1196778,Jorgianne Robinson
1236907,Mallory Roman
1196778,Jorgianne Robinson
1863079,Makeba P Wilbourn
2428823,Bridgette M Hard
1236907,Mallory Roman
1196778,Jorgianne Robinson
2428823,Bridgette M Hard
2428823,Bridgette M Hard
1927281,Samantha A Deffler
0602440,Roberto E Cabeza
1458249,Stephen R Mitroff
1078225,Sharda Umanath
1927281,Samantha A Deffler
0228675,David C Rubin
0227452,Ruth S Day
0602440,Roberto E Cabeza
0227452,Ruth S Day
0228675,David C Rubin
0379209,Cassandra Germain
1927281,Samantha A Deffler
0227452,Ruth S Day
0602440,Roberto E Cabeza
2363336,Kathleen Arnold
0228675,David C Rubin
1169707,Elizabeth Marsh
1288487,Eleanor K Hanna
0602440,Roberto E Cabeza
0227452,Ruth S Day
1863079,Makeba P Wilbourn
2108122,Dana Kotter-Gruehn
2108122,Dana Kotter-Gruehn
2108122,Dana Kotter-Gruehn
1863079,Makeba P Wilbourn
2108122,Dana Kotter-Gruehn
2006175,Kristin M Johnson
1863079,Makeba P Wilbourn
1863079,Makeba P Wilbourn
2299294,William Michael Tomasello
2352903,Margarita Svetlova
0462354,Kaitlin E Toner
1367607,James Y Shah
1057638,Laura Richman
1999166,Michah R Lattanner
1999166,Michah R Lattanner
1367607,James Y Shah
1196778,Jorgianne Robinson
1932166,Jennifer C Isherwood
1323200,Kathryn J Diebels
1367607,James Y Shah
1057638,Laura Richman
1840137,Julie Martin
0227732,Christina Grimes
0565259,Karen L Murphy
0227732,Christina Grimes
0565259,Karen L Murphy
1889110,Christina M Tognoni
0227732,Christina Grimes
0565259,Karen L Murphy
1936407,Beatrice Capestany
0227732,Christina Grimes
1196778,Jorgianne Robinson
1236907,Mallory Roman
1315858,Stephanie J Santistevan
1196778,Jorgianne Robinson
1196778,Jorgianne Robinson
1236907,Mallory Roman
1196778,Jorgianne Robinson
1863079,Makeba P Wilbourn
2428823,Bridgette M Hard
1236907,Mallory Roman
1196778,Jorgianne Robinson
2428823,Bridgette M Hard
2428823,Bridgette M Hard
1927281,Samantha A Deffler
0602440,Roberto E Cabeza
1458249,Stephen R Mitroff
1078225,Sharda Umanath
1927281,Samantha A Deffler
0228675,David C Rubin
0227452,Ruth S Day
0602440,Roberto E Cabeza
0227452,Ruth S Day
0228675,David C Rubin
0379209,Cassandra Germain
1927281,Samantha A Deffler
0227452,Ruth S Day
0602440,Roberto E Cabeza
2363336,Kathleen Arnold
0228675,David C Rubin
1169707,Elizabeth Marsh
1288487,Eleanor K Hanna
0602440,Roberto E Cabeza
0227452,Ruth S Day
1863079,Makeba P Wilbourn
2108122,Dana Kotter-Gruehn
2108122,Dana Kotter-Gruehn
2108122,Dana Kotter-Gruehn
1863079,Makeba P Wilbourn
2108122,Dana Kotter-Gruehn
2006175,Kristin M Johnson
1863079,Makeba P Wilbourn
1863079,Makeba P Wilbourn
2299294,William Michael Tomasello
2352903,Margarita Svetlova
0462354,Kaitlin E Toner
1367607,James Y Shah
1057638,Laura Richman
1999166,Michah R Lattanner
1999166,Michah R Lattanner
1367607,James Y Shah
1196778,Jorgianne Robinson
1932166,Jennifer C Isherwood
1323200,Kathryn J Diebels
1367607,James Y Shah
1057638,Laura Richman
1840137,Julie Martin
1999166,Michah R Lattanner
1367607,James Y Shah
1196778,Jorgianne Robinson
1999166,Michah R Lattanner
1999166,Michah R Lattanner
1367607,James Y Shah
1196778,Jorgianne Robinson
1999166,Michah R Lattanner
1367607,James Y Shah
1869294,Sarah Gaither
1718562,Jordan M Carpenter
1196778,Jorgianne Robinson
1367607,James Y Shah
1869294,Sarah Gaither
1825681,Taryn Margaret Allen
0709713,M. Zachary Rosenthal
0388189,David L Rabiner
1874225,Sara N Edmond
1377894,Elizabeth Victor
0397504,Nancy L Zucker
0709713,M. Zachary Rosenthal
1934678,Allison M Detloff
0709713,M. Zachary Rosenthal
0709713,M. Zachary Rosenthal
1038986,Lindsay M Anderson
1119201,Katherine E MacDuffie
0397504,Nancy L Zucker
0709713,M. Zachary Rosenthal
1710561,Dimitri Putilin
0709713,M. Zachary Rosenthal
0397504,Nancy L Zucker
2124181,Allison Elizabeth Meyer
0397504,Nancy L Zucker
0709713,M. Zachary Rosenthal
2124181,Allison Elizabeth Meyer
0397504,Nancy L Zucker
0709713,M. Zachary Rosenthal
0565259,Karen L Murphy
0565259,Karen L Murphy
0773069,Christina Williams
0565259,Karen L Murphy
0773069,Christina Williams
0565259,Karen L Murphy
0773069,Christina Williams
0565259,Karen L Murphy
0565259,Karen L Murphy
0773069,Christina Williams
1233633,Charles M Giattino
0565259,Karen L Murphy
0565259,Karen L Murphy
0773069,Christina Williams
0565259,Karen L Murphy
0565259,Karen L Murphy
0773069,Christina Williams
0814284,Minna Ng
0814284,Minna Ng
0814284,Minna Ng
0814284,Minna Ng
0227120,Owen L Astrachan
2430275,Valeria C Caruso
0399717,Scott De Marchi
0399717,Scott De Marchi
0399717,Scott De Marchi
0399717,Scott De Marchi
1084811,Rosa Li
1355596,Amir H Rezvani
1355596,Amir H Rezvani
1355596,Amir H Rezvani
0227759,William C Hall
0227759,William C Hall
0227759,William C Hall
1836776,Amy Louise Dent
1876003,Cameron Rudd Hopkin
1786977,Rebecca A Shelby
1975447,Lasana Harris
1876003,Cameron Rudd Hopkin
1836776,Amy Louise Dent
1786977,Rebecca A Shelby
1786977,Rebecca A Shelby
2006225,Michael M Barger
1786977,Rebecca A Shelby
0227732,Christina Grimes
0565259,Karen L Murphy
0227732,Christina Grimes
0565259,Karen L Murphy
1889110,Christina M Tognoni
0227732,Christina Grimes
0565259,Karen L Murphy
1936407,Beatrice Capestany
0227732,Christina Grimes
1196778,Jorgianne Robinson
1236907,Mallory Roman
1315858,Stephanie J Santistevan
1196778,Jorgianne Robinson
1196778,Jorgianne Robinson
1236907,Mallory Roman
1196778,Jorgianne Robinson
1863079,Makeba P Wilbourn
2428823,Bridgette M Hard
1236907,Mallory Roman
1196778,Jorgianne Robinson
2428823,Bridgette M Hard
2428823,Bridgette M Hard
1927281,Samantha A Deffler
0602440,Roberto E Cabeza
1458249,Stephen R Mitroff
1078225,Sharda Umanath
1927281,Samantha A Deffler
0228675,David C Rubin
0227452,Ruth S Day
0602440,Roberto E Cabeza
0227452,Ruth S Day
0228675,David C Rubin
0379209,Cassandra Germain
1927281,Samantha A Deffler
0227452,Ruth S Day
0602440,Roberto E Cabeza
2363336,Kathleen Arnold
0228675,David C Rubin
1169707,Elizabeth Marsh
1288487,Eleanor K Hanna
0602440,Roberto E Cabeza
0227452,Ruth S Day
1863079,Makeba P Wilbourn
2108122,Dana Kotter-Gruehn
2108122,Dana Kotter-Gruehn
2108122,Dana Kotter-Gruehn
1863079,Makeba P Wilbourn
2108122,Dana Kotter-Gruehn
2006175,Kristin M Johnson
1863079,Makeba P Wilbourn
1863079,Makeba P Wilbourn
2299294,William Michael Tomasello
2352903,Margarita Svetlova
0462354,Kaitlin E Toner
1367607,James Y Shah
1057638,Laura Richman
1999166,Michah R Lattanner
1999166,Michah R Lattanner
1367607,James Y Shah
1196778,Jorgianne Robinson
1932166,Jennifer C Isherwood
1323200,Kathryn J Diebels
1367607,James Y Shah
1057638,Laura Richman
1840137,Julie Martin
1999166,Michah R Lattanner
1367607,James Y Shah
1196778,Jorgianne Robinson
1999166,Michah R Lattanner
1999166,Michah R Lattanner
1367607,James Y Shah
1196778,Jorgianne Robinson
1999166,Michah R Lattanner
1367607,James Y Shah
1869294,Sarah Gaither
1718562,Jordan M Carpenter
1196778,Jorgianne Robinson
1367607,James Y Shah
1869294,Sarah Gaither
1825681,Taryn Margaret Allen
0709713,M. Zachary Rosenthal
0388189,David L Rabiner
1874225,Sara N Edmond
1377894,Elizabeth Victor
0397504,Nancy L Zucker
0709713,M. Zachary Rosenthal
1934678,Allison M Detloff
0709713,M. Zachary Rosenthal
0709713,M. Zachary Rosenthal
1038986,Lindsay M Anderson
1119201,Katherine E MacDuffie
0397504,Nancy L Zucker
0709713,M. Zachary Rosenthal
1710561,Dimitri Putilin
0709713,M. Zachary Rosenthal
0397504,Nancy L Zucker
2124181,Allison Elizabeth Meyer
0397504,Nancy L Zucker
0709713,M. Zachary Rosenthal
2124181,Allison Elizabeth Meyer
0397504,Nancy L Zucker
0709713,M. Zachary Rosenthal
0565259,Karen L Murphy
0565259,Karen L Murphy
0773069,Christina Williams
0565259,Karen L Murphy
0773069,Christina Williams
0565259,Karen L Murphy
0773069,Christina Williams
0565259,Karen L Murphy
0565259,Karen L Murphy
0773069,Christina Williams
1233633,Charles M Giattino
0565259,Karen L Murphy
0565259,Karen L Murphy
0773069,Christina Williams
0565259,Karen L Murphy
0565259,Karen L Murphy
0773069,Christina Williams
0814284,Minna Ng
0814284,Minna Ng
0814284,Minna Ng
0814284,Minna Ng
0227120,Owen L Astrachan
2430275,Valeria C Caruso
0399717,Scott De Marchi
0399717,Scott De Marchi
0399717,Scott De Marchi
0399717,Scott De Marchi
1084811,Rosa Li
1355596,Amir H Rezvani
1355596,Amir H Rezvani
1355596,Amir H Rezvani
0227759,William C Hall
0227759,William C Hall
0227759,William C Hall
1836776,Amy Louise Dent
1876003,Cameron Rudd Hopkin
1786977,Rebecca A Shelby
1975447,Lasana Harris
1876003,Cameron Rudd Hopkin
1836776,Amy Louise Dent
1786977,Rebecca A Shelby
1786977,Rebecca A Shelby
2006225,Michael M Barger
1786977,Rebecca A Shelby
1786977,Rebecca A Shelby
1999166,Michah R Lattanner
1710561,Dimitri Putilin
1786977,Rebecca A Shelby
1786977,Rebecca A Shelby
2006225,Michael M Barger
1999166,Michah R Lattanner
1786977,Rebecca A Shelby
1786977,Rebecca A Shelby
2106987,Madeleine George
2188301,Stephanie Elizabeth Komoski
1786977,Rebecca A Shelby
2379486,Gregory Samanez-Larkin
2188301,Stephanie Elizabeth Komoski
0538127,Timothy Strauman
2379486,Gregory Samanez-Larkin
1940090,Alison C Koenka
0227732,Christina Grimes
1171302,Harris M Cooper
1940090,Alison C Koenka
1576998,Stephanie Wormington
0227732,Christina Grimes
1171302,Harris M Cooper
1078225,Sharda Umanath
0227732,Christina Grimes
1171302,Harris M Cooper
1940090,Alison C Koenka
0227732,Christina Grimes
2279993,Monika Bauer
2279993,Monika Bauer
1171302,Harris M Cooper
2059587,Kelsey Lucca
0402649,Steven R Asher
0842373,Angela Vieth
2247076,Paula K. S. Yust
1718562,Jordan M Carpenter
2279993,Monika Bauer
0842373,Angela Vieth
1863079,Makeba P Wilbourn
0227452,Ruth S Day
0538127,Timothy Strauman
0489254,Elizabeth Brannon
0709713,M. Zachary Rosenthal
0709713,M. Zachary Rosenthal
0402649,Steven R Asher
1057638,Laura Richman
0709713,M. Zachary Rosenthal
0709713,M. Zachary Rosenthal
0709713,M. Zachary Rosenthal
1098568,Rick Hoyle
0227697,Deborah Gold
0709713,M. Zachary Rosenthal
1098568,Rick Hoyle
1057638,Laura Richman
1863079,Makeba P Wilbourn
0709713,M. Zachary Rosenthal
0402649,Steven R Asher
1869294,Sarah Gaither
1869294,Sarah Gaither
1863079,Makeba P Wilbourn
1613424,Mark R Leary
0399180,Departmental Staff
1869294,Sarah Gaither
1882206,Eve S Puffer
1863079,Makeba P Wilbourn
0228910,H Scott Swartzwelder
0228910,H Scott Swartzwelder
1355596,Amir H Rezvani
1355596,Amir H Rezvani
1355596,Amir H Rezvani
0229132,Redford B Williams
0229132,Redford B Williams
0227976,Francis J. Keefe
0227976,Francis J. Keefe
0227976,Francis J. Keefe
0227976,Francis J. Keefe
0227976,Francis J. Keefe
0392215,Gary G. Bennett
0392215,Gary G. Bennett
0392215,Gary G. Bennett
0392215,Gary G. Bennett
0392215,Gary G. Bennett
1007387,John Blackshear
1007387,John Blackshear
1007387,John Blackshear
1007387,John Blackshear
1007387,John Blackshear
1007387,John Blackshear
1007387,John Blackshear
1007387,John Blackshear
1007387,John Blackshear
1007387,John Blackshear
1007387,John Blackshear
1007387,John Blackshear
1007387,John Blackshear
0538127,Timothy Strauman
0538127,Timothy Strauman
0538127,Timothy Strauman
0538127,Timothy Strauman
0538127,Timothy Strauman
0538127,Timothy Strauman
2504588,Michael S Gaffrey
0538127,Timothy Strauman
0538127,Timothy Strauman
0538127,Timothy Strauman
0538127,Timothy Strauman
0538127,Timothy Strauman
0538127,Timothy Strauman
2504588,Michael S Gaffrey
0565259,Karen L Murphy
1661736,Kim N. McNally
1661736,Kim N. McNally
1661736,Kim N. McNally
1661736,Kim N. McNally
0842373,Angela Vieth
2108122,Dana Kotter-Gruehn
0842373,Angela Vieth
2108122,Dana Kotter-Gruehn
2108122,Dana Kotter-Gruehn
0842373,Angela Vieth
1613424,Mark R Leary
1613424,Mark R Leary
1488007,Katrina Pelagia Jongman-Sereno
1613424,Mark R Leary
1613424,Mark R Leary
1613424,Mark R Leary
1613424,Mark R Leary
1613424,Mark R Leary
1869294,Sarah Gaither
1869294,Sarah Gaither
1402926,Christopher Johnston
1402926,Christopher Johnston
1402926,Christopher Johnston
1402926,Christopher Johnston
1402926,Christopher Johnston
1670806,Ara A Wilson
0773069,Christina Williams
0773069,Christina Williams
1670806,Ara A Wilson
1670806,Ara A Wilson
0228559,Martha Putallaz Sheppard
0228559,Martha Putallaz Sheppard
0227697,Deborah Gold
0227697,Deborah Gold
0227697,Deborah Gold
0227697,Deborah Gold
0227697,Deborah Gold
0227697,Deborah Gold
0227697,Deborah Gold
0227732,Christina Grimes
0227732,Christina Grimes
0227732,Christina Grimes
0227732,Christina Grimes
0402648,Melanie Bonner
0227732,Christina Grimes
0402648,Melanie Bonner
0228203,David Michael Malone
0228203,David Michael Malone
0228203,David Michael Malone
0228203,David Michael Malone
0228203,David Michael Malone
0228203,David Michael Malone
0228203,David Michael Malone
0228203,David Michael Malone
0228203,David Michael Malone
1057050,Heather Stone
0228203,David Michael Malone
0228203,David Michael Malone
1057050,Heather Stone
1057050,Heather Stone
0228203,David Michael Malone
0228203,David Michael Malone
1057050,Heather Stone
0228203,David Michael Malone
2414444,Kisha N Daniels
1057050,Heather Stone
1057050,Heather Stone
0228203,David Michael Malone
0228203,David Michael Malone
1169707,Elizabeth Marsh
1169707,Elizabeth Marsh
1169707,Elizabeth Marsh
1169707,Elizabeth Marsh
0228747,Matt Serra
0228747,Matt Serra
0228747,Matt Serra
0228747,Matt Serra
0228747,Matt Serra
0228747,Matt Serra
0228747,Matt Serra
1848261,Brian Hare
1848261,Brian Hare
1848261,Brian Hare
1848261,Brian Hare
1848261,Brian Hare
0227452,Ruth S Day
0227452,Ruth S Day
2299294,William Michael Tomasello
0943293,Joseph Harris
0402658,Kevin S LaBar
1919388,Tobias Egner
1877789,Jeffrey J MacInnes
0402658,Kevin S LaBar
2230276,Kathryn C Dickerson
1919388,Tobias Egner
1878001,Courtnea Rainey
1878001,Courtnea Rainey
2372254,Anthony Sali
1919388,Tobias Egner
1878001,Courtnea Rainey
1919388,Tobias Egner
2224287,Jan (Tobias) Overath
0400146,Scott A Huettel
0400146,Scott A Huettel
0400146,Scott A Huettel
1773930,Craig D Roberts
0400146,Scott A Huettel
0400146,Scott A Huettel
0400146,Scott A Huettel
0400146,Scott A Huettel
0228289,Warren H Meck
0228289,Warren H Meck
1432892,Nicole L Schramm-Sapyta
0228049,Cynthia M Kuhn
0228049,Cynthia M Kuhn
2157462,Jordan M Bailey
0228049,Cynthia M Kuhn
0228049,Cynthia M Kuhn
0228049,Cynthia M Kuhn
0228049,Cynthia M Kuhn
0228049,Cynthia M Kuhn
0228289,Warren H Meck
0228289,Warren H Meck
1786315,Staci D Bilbo
0228289,Warren H Meck
0228289,Warren H Meck
0228289,Warren H Meck
2115763,Thomas Newpher
2115763,Thomas Newpher
2115763,Thomas Newpher
1661723,Henry Yin
1661723,Henry Yin
1661723,Henry Yin
1661723,Henry Yin
0603644,Kafui Dzirasa
1661723,Henry Yin
1661723,Henry Yin
1661723,Henry Yin
1913469,Ahmad R Hariri
1913469,Ahmad R Hariri
1913469,Ahmad R Hariri
1913469,Ahmad R Hariri
1913469,Ahmad R Hariri
1913469,Ahmad R Hariri
1913469,Ahmad R Hariri
0400146,Scott A Huettel
0400146,Scott A Huettel
1935908,Walter Sinnott-Armstrong
0400146,Scott A Huettel
0400146,Scott A Huettel
1935908,Walter Sinnott-Armstrong
0400146,Scott A Huettel
1786315,Staci D Bilbo
1786315,Staci D Bilbo
0402658,Kevin S LaBar
0402658,Kevin S LaBar
0402658,Kevin S LaBar
0402658,Kevin S LaBar
0565259,Karen L Murphy
0565259,Karen L Murphy
0565259,Karen L Murphy
0565259,Karen L Murphy
0565259,Karen L Murphy
0565259,Karen L Murphy
0228557,Dale Purves
0228557,Dale Purves
0228557,Dale Purves
0568767,Marty G Woldorff
0568767,Marty G Woldorff
0568767,Marty G Woldorff
0568767,Marty G Woldorff
0568767,Marty G Woldorff
0227732,Christina Grimes
0227732,Christina Grimes
0227732,Christina Grimes
0227732,Christina Grimes
0227732,Christina Grimes
0227732,Christina Grimes
0227732,Christina Grimes
0227732,Christina Grimes
2352903,Margarita Svetlova
2352903,Margarita Svetlova
1057638,Laura Richman
1196778,Jorgianne Robinson
0842373,Angela Vieth
1196778,Jorgianne Robinson
1057638,Laura Richman
0842373,Angela Vieth
1196778,Jorgianne Robinson
1728797,Jennifer M. Groh
1728797,Jennifer M. Groh
0842373,Angela Vieth
0842373,Angela Vieth
0842373,Angela Vieth
1773930,Craig D Roberts
1773930,Craig D Roberts
1773930,Craig D Roberts
1773930,Craig D Roberts
2115763,Thomas Newpher
2115763,Thomas Newpher
2115763,Thomas Newpher
0227976,Francis J. Keefe
0227976,Francis J. Keefe
1828888,Dina Gohar
1828888,Dina Gohar
2279993,Monika Bauer
2279993,Monika Bauer
1728466,Avshalom Caspi
1728466,Avshalom Caspi
1728466,Avshalom Caspi
1728466,Avshalom Caspi
1728466,Avshalom Caspi
1728466,Avshalom Caspi
1367607,James Y Shah
1367607,James Y Shah
1367607,James Y Shah
1367607,James Y Shah
1367607,James Y Shah
0402649,Steven R Asher
0402649,Steven R Asher
0402649,Steven R Asher
0402649,Steven R Asher
0402649,Steven R Asher
0402649,Steven R Asher
0402441,Pamela Maxson
0402441,Pamela Maxson
2352903,Margarita Svetlova
2352903,Margarita Svetlova
2108122,Dana Kotter-Gruehn
2108122,Dana Kotter-Gruehn
2108122,Dana Kotter-Gruehn
0489254,Elizabeth Brannon
0814284,Minna Ng
2115763,Thomas Newpher
2115763,Thomas Newpher
2115763,Thomas Newpher
0228557,Dale Purves
0228557,Dale Purves
0228557,Dale Purves
0228557,Dale Purves
0228557,Dale Purves
0393610,Emma B Rasiel
0393610,Emma B Rasiel
2099407,John Forlines III
2099407,John Forlines III
2099407,John Forlines III
2099407,John Forlines III
0393610,Emma B Rasiel
0393610,Emma B Rasiel
0393610,Emma B Rasiel
0751386,Leonard E White
0751386,Leonard E White
0751386,Leonard E White
0751386,Leonard E White
0751386,Leonard E White
0751386,Leonard E White
0751386,Leonard E White
0773069,Christina Williams
1834905,Jenna A McHenry
1938740,Rachel E Greenspan
0402441,Pamela Maxson
2115763,Thomas Newpher
2115763,Thomas Newpher
1927281,Samantha A Deffler
1828888,Dina Gohar
2300744,Alysson Elaine Light
2352903,Margarita Svetlova
0402441,Pamela Maxson
0402441,Pamela Maxson
2299294,William Michael Tomasello
1613424,Mark R Leary
0227452,Ruth S Day
0227452,Ruth S Day
0227452,Ruth S Day
0227452,Ruth S Day
0229047,Lise Wallach
0229047,Lise Wallach
0842373,Angela Vieth
0842373,Angela Vieth
0842373,Angela Vieth
2300742,Miriam K Ehrensaft
2300742,Miriam K Ehrensaft
1872208,Sean E Griffith
1196778,Jorgianne Robinson
0842373,Angela Vieth
2164510,Steven J Stanton
0842373,Angela Vieth
2169344,Steven Shepherd
1988434,Danielle Brick
2108122,Dana Kotter-Gruehn
2169344,Steven Shepherd
1499176,Hillary Wiener
1196778,Jorgianne Robinson
0842373,Angela Vieth
1236907,Mallory Roman
1196778,Jorgianne Robinson
2279993,Monika Bauer
1236907,Mallory Roman
0842373,Angela Vieth
0842373,Angela Vieth
2279993,Monika Bauer
1763019,Jared L Bleak
1763019,Jared L Bleak
2168728,Sloan Weitzel
0586503,Peter Gerend
0586503,Peter Gerend
0586503,Peter Gerend
0586503,Peter Gerend
2168728,Sloan Weitzel
0586503,Peter Gerend
0586503,Peter Gerend
0586503,Peter Gerend
0586503,Peter Gerend
0586503,Peter Gerend
0586503,Peter Gerend
1863079,Makeba P Wilbourn
1863079,Makeba P Wilbourn
1863079,Makeba P Wilbourn
1863079,Makeba P Wilbourn
1882206,Eve S Puffer
1882206,Eve S Puffer
1882206,Eve S Puffer
2300384,Elika Bergelson
2300384,Elika Bergelson
0228675,David C Rubin
0228675,David C Rubin
0228675,David C Rubin
0228675,David C Rubin
0228675,David C Rubin
0228675,David C Rubin
0228675,David C Rubin
0228675,David C Rubin
0228675,David C Rubin
0228675,David C Rubin
0228675,David C Rubin
1773930,Craig D Roberts
1773930,Craig D Roberts
1773930,Craig D Roberts
1773930,Craig D Roberts
2115763,Thomas Newpher
2115763,Thomas Newpher
2115763,Thomas Newpher
2379486,Gregory Samanez-Larkin
2379486,Gregory Samanez-Larkin
1919388,Tobias Egner
1919388,Tobias Egner
0602440,Roberto E Cabeza
0602440,Roberto E Cabeza
1432892,Nicole L Schramm-Sapyta
1432892,Nicole L Schramm-Sapyta
1432892,Nicole L Schramm-Sapyta
1432892,Nicole L Schramm-Sapyta
1432892,Nicole L Schramm-Sapyta
0565259,Karen L Murphy
0565259,Karen L Murphy
0228941,Robert J Thompson
0228941,Robert J Thompson
0228941,Robert J Thompson
0228941,Robert J Thompson
0228941,Robert J Thompson
0228941,Robert J Thompson
0228941,Robert J Thompson
1525035,Nina T Sherwood
1525035,Nina T Sherwood
1525035,Nina T Sherwood
1525035,Nina T Sherwood
1525035,Nina T Sherwood
1525035,Nina T Sherwood
1525035,Nina T Sherwood
1661723,Henry Yin
1661723,Henry Yin
1661723,Henry Yin
1661723,Henry Yin
0227400,Philip R Costanzo
1919388,Tobias Egner
1919388,Tobias Egner
1919388,Tobias Egner
1919388,Tobias Egner
1919388,Tobias Egner
1919388,Tobias Egner
0565259,Karen L Murphy
1728797,Jennifer M. Groh
0402658,Kevin S LaBar
0402658,Kevin S LaBar
0402658,Kevin S LaBar
0228289,Warren H Meck
0227120,Owen L Astrachan
2108156,Orlin Krastev Vakarelov
1791807,Patrick Herron
1791807,Patrick Herron
1791807,Patrick Herron
1791807,Patrick Herron
1429437,Kristin A Goss
0227120,Owen L Astrachan
2108156,Orlin Krastev Vakarelov
1791807,Patrick Herron
1791807,Patrick Herron
1791807,Patrick Herron
1791807,Patrick Herron
1429437,Kristin A Goss
1429437,Kristin A Goss
0403104,Elizabeth Vigdor
1930546,Sarah B Bermeo
0846903,Judith Kelley
0403104,Elizabeth Vigdor
0228238,Frederick Mayer
1930546,Sarah B Bermeo
1930546,Sarah B Bermeo
0228238,Frederick Mayer
0228238,Frederick Mayer
1121881,Carolyn Y Barnes
1064048,Sarah A G Komisarow
1121881,Carolyn Y Barnes
1930546,Sarah B Bermeo
1064048,Sarah A G Komisarow
1572005,John A Byers
1572005,John A Byers
1572005,John A Byers
1572005,John A Byers
1572005,John A Byers
1572005,John A Byers
1572005,John A Byers
1572005,John A Byers
1724402,Danielle J Cole
1936411,Ryan Michael Poe
1329322,Robin Kirk
1329322,Robin Kirk
1329322,Robin Kirk
1329322,Robin Kirk
0799457,Donald H Taylor
1973702,Peter Ubel
0799457,Donald H Taylor
1973702,Peter Ubel
0799457,Donald H Taylor
0799457,Donald H Taylor
1973702,Peter Ubel
2386508,Nathan A Boucher
2386508,Nathan A Boucher
2386508,Nathan A Boucher
2386508,Nathan A Boucher
2386508,Nathan A Boucher
0799457,Donald H Taylor
1973702,Peter Ubel
0799457,Donald H Taylor
1973702,Peter Ubel
0799457,Donald H Taylor
0799457,Donald H Taylor
1973702,Peter Ubel
2386508,Nathan A Boucher
2386508,Nathan A Boucher
2386508,Nathan A Boucher
2386508,Nathan A Boucher
2386508,Nathan A Boucher
0227731,Joseph M Grieco
2107826,Michael Lee
0227570,Peter D Feaver
0227570,Peter D Feaver
0227731,Joseph M Grieco
0227570,Peter D Feaver
0227570,Peter D Feaver
2360875,Ian R Macmullen
2360875,Ian R Macmullen
0961319,Gary Hawkins
0961319,Gary Hawkins
0961319,Gary Hawkins
0961319,Gary Hawkins
0961319,Gary Hawkins
0961319,Gary Hawkins
0961319,Gary Hawkins
0961319,Gary Hawkins
0961319,Gary Hawkins
0961319,Gary Hawkins
0961319,Gary Hawkins
0961319,Gary Hawkins
0961319,Gary Hawkins
0961319,Gary Hawkins
0961319,Gary Hawkins
0961319,Gary Hawkins
0228240,Sucheta Mazumdar
0228240,Sucheta Mazumdar
0228240,Sucheta Mazumdar
0228240,Sucheta Mazumdar
1851393,Sumathi Ramaswamy
1851393,Sumathi Ramaswamy
1049204,Rebecca Stein
1049204,Rebecca Stein
0388263,Ingrid Byerly
0388263,Ingrid Byerly
0388263,Ingrid Byerly
0388263,Ingrid Byerly
0388263,Ingrid Byerly
0388263,Ingrid Byerly
0388263,Ingrid Byerly
0388263,Ingrid Byerly
0388263,Ingrid Byerly
0388263,Ingrid Byerly
0388263,Ingrid Byerly
0388263,Ingrid Byerly
0388263,Ingrid Byerly
0388263,Ingrid Byerly
0388263,Ingrid Byerly
0388263,Ingrid Byerly
0388263,Ingrid Byerly
0388263,Ingrid Byerly
0388263,Ingrid Byerly
0388263,Ingrid Byerly
0227666,Jehanne Gheith
0227666,Jehanne Gheith
0227666,Jehanne Gheith
0227666,Jehanne Gheith
1728808,Susanne B Haga
1728808,Susanne B Haga
1432892,Nicole L Schramm-Sapyta
1432892,Nicole L Schramm-Sapyta
1432892,Nicole L Schramm-Sapyta
1432892,Nicole L Schramm-Sapyta
1432892,Nicole L Schramm-Sapyta
1728808,Susanne B Haga
1728808,Susanne B Haga
1728808,Susanne B Haga
0228508,Dirk Philipsen
0228508,Dirk Philipsen
0228508,Dirk Philipsen
0228508,Dirk Philipsen
0490245,Catherine Admay
0490245,Catherine Admay
0490245,Catherine Admay
0490245,Catherine Admay
0228514,Noah M Pickus
1451499,David H Schanzer
1451499,David H Schanzer
1615324,William Donahue
0399180,Departmental Staff
0399180,Departmental Staff
0399180,Departmental Staff
0940441,Jochen Wohlfeil
0399180,Departmental Staff
0399180,Departmental Staff
0403137,Alexander Rosenberg
0403137,Alexander Rosenberg
0403137,Alexander Rosenberg
0403137,Alexander Rosenberg
0403137,Alexander Rosenberg
0403137,Alexander Rosenberg
0403137,Alexander Rosenberg
0228203,David Michael Malone
1854986,Eric J. Mlyn
1854986,Eric J. Mlyn
0228518,Charles D Piot
1049477,Kerry L Haynie
0228518,Charles D Piot
0228518,Charles D Piot
0228518,Charles D Piot
0228518,Charles D Piot
1964312,Gareth O Price
1964312,Gareth O Price
1964312,Gareth O Price
1964312,Gareth O Price
1964312,Gareth O Price
1964312,Gareth O Price
2305923,Juliette Duara
2305923,Juliette Duara
1615324,William Donahue
1615324,William Donahue
1615324,William Donahue
1354618,Susanne C Freytag
1862454,Jakob Norberg
0228508,Dirk Philipsen
0228508,Dirk Philipsen
1367963,David E Schaad
1367963,David E Schaad
1367963,David E Schaad
1367963,David E Schaad
1367963,David E Schaad
1367963,David E Schaad
1367963,David E Schaad
1367963,David E Schaad
1367963,David E Schaad
1367963,David E Schaad
1367963,David E Schaad
1367963,David E Schaad
0403125,Bruce W Jentleson
0403125,Bruce W Jentleson
1429437,Kristin A Goss
1429437,Kristin A Goss
1429437,Kristin A Goss
1429437,Kristin A Goss
1429437,Kristin A Goss
1429437,Kristin A Goss
1429437,Kristin A Goss
1676649,Stephen William Smith
1676649,Stephen William Smith
1676649,Stephen William Smith
1676649,Stephen William Smith
1676649,Stephen William Smith
1676649,Stephen William Smith
1676649,Stephen William Smith
0227138,Edward J Balleisen
0227138,Edward J Balleisen
2003020,William Dixon Goldsmith
2188692,Ashton Wynette Bagley Merck
0936489,Gunther W Peck
0936489,Gunther W Peck
0936489,Gunther W Peck
0936489,Gunther W Peck
0824568,Anna Lind-Guzik
0227102,Edna Andrews
0228400,Michael Newcity
1745128,Rachel F Seidman
1745128,Rachel F Seidman
1745128,Rachel F Seidman
1745128,Rachel F Seidman
1745128,Rachel F Seidman
1677239,Bahar Leventoglu
1677239,Bahar Leventoglu
1677239,Bahar Leventoglu
1988733,Karen Price
1988733,Karen Price
1988733,Karen Price
1988733,Karen Price
1988733,Karen Price
1988733,Karen Price
0962121,Allen E Buchanan
0962121,Allen E Buchanan
0962121,Allen E Buchanan
0962121,Allen E Buchanan
1865419,Giovanni Zanalda
1865419,Giovanni Zanalda
1865419,Giovanni Zanalda
1865419,Giovanni Zanalda
1865419,Giovanni Zanalda
1865419,Giovanni Zanalda
2036518,Tana L Johnson
2036518,Tana L Johnson
2036518,Tana L Johnson
2036518,Tana L Johnson
2036518,Tana L Johnson
1975475,Jose M Sandoval
1975475,Jose M Sandoval
1570743,William Dustin Albert
1530849,Elizabeth J Gifford
1530849,Elizabeth J Gifford
0228371,Clara G Muschkin
2107551,Candice L Odgers
1012260,William B Goodman
0228371,Clara G Muschkin
2107760,Shane Goodridge
0228371,Clara G Muschkin
2292640,Joy R Piontak
0228371,Clara G Muschkin
2107760,Shane Goodridge
0228371,Clara G Muschkin
0375781,Megan M Golonka
0228371,Clara G Muschkin
0375781,Megan M Golonka
0228371,Clara G Muschkin
1348574,Susan R Wynn
1348574,Susan R Wynn
1348574,Susan R Wynn
1348574,Susan R Wynn
1348574,Susan R Wynn
1348574,Susan R Wynn
2414444,Kisha N Daniels
1749197,Ann B Brewster
1749197,Ann B Brewster
1749197,Ann B Brewster
0927287,Kristen R Stephens
0927287,Kristen R Stephens
0927287,Kristen R Stephens
0927287,Kristen R Stephens
0927287,Kristen R Stephens
0927287,Kristen R Stephens
0927287,Kristen R Stephens
1244914,Neil S Siegel
1244914,Neil S Siegel
0228318,Martin A Miller
0228318,Martin A Miller
0228318,Martin A Miller
0228508,Dirk Philipsen
0228508,Dirk Philipsen
0228508,Dirk Philipsen
0228508,Dirk Philipsen
0228400,Michael Newcity
0228400,Michael Newcity
0228400,Michael Newcity
0228400,Michael Newcity
0228400,Michael Newcity
0228400,Michael Newcity
0228400,Michael Newcity
1847290,Matthew T Nash
1847290,Matthew T Nash
1847290,Matthew T Nash
1847290,Matthew T Nash
1847290,Matthew T Nash
2099407,John Forlines III
2099407,John Forlines III
2099407,John Forlines III
2052275,Katherine H Hood
2052275,Katherine H Hood
0227203,Alma G Blount
0403977,Stephen M Schewel
0227203,Alma G Blount
0403977,Stephen M Schewel
0227203,Alma G Blount
0403977,Stephen M Schewel
0403977,Stephen M Schewel
2395347,Shane T Stansbury
1429437,Kristin A Goss
1429437,Kristin A Goss
1429437,Kristin A Goss
1429437,Kristin A Goss
1429437,Kristin A Goss
1429437,Kristin A Goss
1429437,Kristin A Goss
0227203,Alma G Blount
0227203,Alma G Blount
0227203,Alma G Blount
0227203,Alma G Blount
0227203,Alma G Blount
0936489,Gunther W Peck
0227246,Anthony S Brown
0227246,Anthony S Brown
0227246,Anthony S Brown
2230399,Tommy Skerik Sowers
0227246,Anthony S Brown
0227246,Anthony S Brown
0227246,Anthony S Brown
0227246,Anthony S Brown
0227246,Anthony S Brown
0227246,Anthony S Brown
0228677,Mary K Rudy
0227327,Christina Mei Ting Chia
0228677,Mary K Rudy
0403977,Stephen M Schewel
0403977,Stephen M Schewel
0403977,Stephen M Schewel
0403977,Stephen M Schewel
0227203,Alma G Blount
0227246,Anthony S Brown
0227246,Anthony S Brown
0227246,Anthony S Brown
0227246,Anthony S Brown
0572758,Deborah S Reisinger
0572758,Deborah S Reisinger
0572758,Deborah S Reisinger
2253647,Ana Maria Montoya
2253647,Ana Maria Montoya
0227666,Jehanne Gheith
0227666,Jehanne Gheith
1331098,Lori S Bennear
0948937,Jeffrey S Clark
1331098,Lori S Bennear
0804854,Elizabeth A Albright
0804854,Elizabeth A Albright
0804854,Elizabeth A Albright
2449839,Robert Bonnie
0804854,Elizabeth A Albright
0936489,Gunther W Peck
1875870,Louis Bruno
0936489,Gunther W Peck
1875870,Louis Bruno
1451489,Erika S Weinthal
1451489,Erika S Weinthal
1451489,Erika S Weinthal
1451489,Erika S Weinthal
0728597,Martin D Smith
0396986,David W Johnston
2039611,Andre M Boustany
2039611,Andre M Boustany
0732236,Daniel C Dunn
0732236,Daniel C Dunn
0732236,Daniel C Dunn
0228441,Michael K Orbach
0228441,Michael K Orbach
1888697,Luke W Fairbanks
2293799,Grant Murray
2293799,Grant Murray
2293799,Grant Murray
2293799,Grant Murray
1923145,Mustafa O Tuna
1923145,Mustafa O Tuna
0041058,Adam Edward Hollowell
0041058,Adam Edward Hollowell
0041058,Adam Edward Hollowell
0228508,Dirk Philipsen
0228508,Dirk Philipsen
0228508,Dirk Philipsen
0228508,Dirk Philipsen
0228508,Dirk Philipsen
0228508,Dirk Philipsen
1049477,Kerry L Haynie
1049477,Kerry L Haynie
1049477,Kerry L Haynie
1049477,Kerry L Haynie
2232150,Ralph Bruce Lawrence
1049477,Kerry L Haynie
0400100,Lori Leachman
2166092,Rafael Dix Carneiro
2166092,Rafael Dix Carneiro
2166092,Rafael Dix Carneiro
2224359,Juan Carlos Suarez Serrato
2224359,Juan Carlos Suarez Serrato
0970898,Joel B Rosch
1676649,Stephen William Smith
1017167,Jason Cross
0970898,Joel B Rosch
0288420,Henry S Brands
0400149,Karin Shapiro
2232170,William C Eacho
1017167,Jason Cross
0939256,Madeleine Lambert
2232170,William C Eacho
0939256,Madeleine Lambert
1064048,Sarah A G Komisarow
0228030,Robert R Korstad
1064048,Sarah A G Komisarow
0228030,Robert R Korstad
1744312,Timothy W Nichols
1825806,Patricia Diane Weddington
0814654,Netta R Van Vliet
1863656,Daniel M Ellison
1825806,Patricia Diane Weddington
1825806,Patricia Diane Weddington
1863656,Daniel M Ellison
1916079,Philip F Bennett
1825806,Patricia Diane Weddington
1825806,Patricia Diane Weddington
1019398,Robert M Cook-Deegan
2112102,Benjamin Trott
1825806,Patricia Diane Weddington
1825806,Patricia Diane Weddington
2099407,John Forlines III
2070768,Brad Anthony Wood
1825806,Patricia Diane Weddington
1825806,Patricia Diane Weddington
1581009,Emiliano Corral
1930546,Sarah B Bermeo
1825806,Patricia Diane Weddington
1825806,Patricia Diane Weddington
0228933,Julie Tetel Andresen
2172060,Kathryn Wyatt
1825806,Patricia Diane Weddington
1825806,Patricia Diane Weddington
2427569,Danielle L Zapotoczny
0227314,William H Chafe
2173790,William Rivera
2167684,William R Adair
2167684,William R Adair
2380127,Leonard S Stern
2430367,Megan McArdle
2380127,Leonard S Stern
2430367,Megan McArdle
2232170,William C Eacho
2232170,William C Eacho
0228238,Frederick Mayer
1581997,Nicholas W Carnes
1429437,Kristin A Goss
0228238,Frederick Mayer
1581997,Nicholas W Carnes
2232916,Deondra E Rose
1429437,Kristin A Goss
2232916,Deondra E Rose
2036518,Tana L Johnson
2232916,Deondra E Rose
2352902,Philip M Napoli
0403125,Bruce W Jentleson
0408329,Anirudh Krishna
2232916,Deondra E Rose
0399701,Evan Charney
0399701,Evan Charney
0399701,Evan Charney
0399701,Evan Charney
0399701,Evan Charney
0288420,Henry S Brands
0399701,Evan Charney
0228030,Robert R Korstad
0399701,Evan Charney
0936489,Gunther W Peck
2360875,Ian R Macmullen
0228508,Dirk Philipsen
