16mm Film Production,020225,DOCST,357S,0,0,0,0,0,0,0,0,0,0,0
Activating the Archive: Archival Research as Documentary Practice,023605,DOCST,316S,0,0,0,0,0,0,1,0,0,0,0
Advanced Arabic,000516,ARABIC,305,0,0,1,0,0,0,0,0,0,0,0
Advanced Arabic,000517,ARABIC,306,0,0,0,0,0,0,0,1,0,0,0
Advanced Chinese II,002425,CHINESE,306,0,0,1,0,0,0,0,0,0,0,0
Advanced Documentary Filmmaking,016424,DOCST,470S,0,0,0,0,0,0,0,0,0,0,0
Advanced Documentary Photography,008132,DOCST,319S,0,0,0,0,0,0,0,0,0,0,0
Advanced Experimental Physics,025137,BIOLOGY,364L,0,0,0,0,0,0,0,0,0,0,0
Advanced Laboratory Techniques,002364,CHEM,420L,0,0,0,0,1,0,0,0,0,0,0
Advanced Levantine Arabic Language and Culture,024424,ARABIC,304,0,0,1,0,0,0,0,0,0,0,0
Advanced Multimedia Production,024113,DOCST,369S,0,0,0,0,0,0,0,0,0,1,0
Advanced Progress in Chinese,002422,CHINESE,325A,0,0,1,0,0,0,0,0,0,0,0
Advanced Progress in Chinese,002423,CHINESE,326A,0,0,1,0,0,0,0,0,0,0,0
Advanced Software Design and Implementation,002604,COMPSCI,308,0,0,0,0,0,1,0,0,0,0,0
Advertising and Masculinity,013831,CULANTH,272S,0,0,1,0,0,0,0,0,0,0,0
Advertising and Society: Global Perspective (DS4),001876,CULANTH,170,0,0,1,0,0,0,0,0,0,0,0
African American Art,000610,ARTHIST,283,0,0,1,0,0,0,0,0,0,0,0
African Art: From Royal Court to Contemporary Marketplace,025254,ARTHIST,345,0,0,1,0,0,0,0,0,0,0,0
African Mbira Music: An Experiential Learning Class,017879,CULANTH,133S,0,0,1,0,0,0,0,0,0,0,0
Age of Warriors: Pre-Roman and Italian Archaeology,022462,CLST,141,0,0,1,0,0,0,0,0,0,0,0
AIDS and Other Emerging Diseases,012940,BIOLOGY,154,0,0,0,0,0,0,0,0,0,1,0
Alternative Photographic Processes,016425,DOCST,218S,0,0,0,1,0,0,0,0,0,0,0
American Independent Cinema,022872,DOCST,322S,0,0,1,0,0,0,0,0,0,0,0
Analysis of Ocean Ecosystems,001498,BIOLOGY,272A,0,0,0,0,0,0,0,0,0,0,0
Analytical and Computational Solid Mechanics,015242,CEE,425,0,0,0,0,0,0,0,0,0,0,0
Analytical Chemistry,002327,CHEM,401,0,0,0,0,1,0,0,0,0,0,0
Analytical Chemistry Laboratory,002331,CHEM,401L,0,0,0,0,1,0,0,0,0,0,0
Ancient and Medieval Epic,002746,CLST,204,0,0,1,0,0,0,0,0,0,0,0
Ancient and Modern Liberty,018230,CLST,186FS,0,0,1,0,0,0,0,0,0,0,0
Ancient Athletics,021993,CLST,262,0,0,1,0,0,0,0,0,0,0,0
Ancient Greek Notions of Justice,024634,CLST,312S,0,0,1,0,0,0,0,0,0,0,0
Ancient Myth,023292,CLST,208,0,0,1,0,0,0,0,0,0,0,0
Ancient Political Theory,016472,CLST,374,0,0,0,0,0,0,1,0,0,0,0
Anthropology and Film,001868,CULANTH,130,0,0,0,0,0,0,0,0,0,0,0
Anthropology and Global Health,021138,CULANTH,218S,0,0,0,0,0,0,0,0,0,0,0
Anthropology and Psychology,001991,CULANTH,227,0,0,1,0,0,0,0,0,0,0,0
Anthropology and Public Policy,020831,CULANTH,340,0,0,0,0,0,0,1,0,0,0,0
Anthropology of Childhood,024226,CULANTH,295S,0,0,1,0,0,0,0,0,0,0,0
Anthropology of Food,024146,CULANTH,150,0,0,1,0,0,0,0,0,0,0,0
Anthropology of Law,001877,CULANTH,206,0,0,1,0,0,0,0,0,0,0,0
Anthropology of Money,024695,CULANTH,350,0,0,1,0,0,0,0,0,0,0,0
Anthropology of Sports,016388,CULANTH,207,0,0,1,0,0,0,0,0,0,0,0
Applied Biochemistry,022820,BIOCHEM,401,0,0,0,0,1,0,0,0,0,0,0
Arabic Dialect in Music,021899,ARABIC,295,0,0,0,0,0,0,0,1,0,0,0
Architectural Engineering I,002127,CEE,311,0,0,0,0,0,0,0,0,0,1,0
Architectural Engineering II,002128,CEE,411,0,0,0,0,0,0,0,0,0,1,0
Archiving and Visualizing Asia: Politics and Poetics of Knowledge Production,025066,DOCST,476S,0,0,1,0,0,0,0,0,0,0,0
Around the Bloc: Cold War Culture in the USSR and Eastern Europe,022997,CULANTH,259S,0,0,1,0,0,0,0,0,0,0,0
Art and Archaeology,002782,CLST,341A-1,0,0,1,0,0,0,0,0,0,0,0
Art and Archaeology of Ancient Athens,015846,ARTHIST,208,0,0,1,0,0,0,0,0,0,0,0
Art and Archaeology of Ancient Athens,015846,CLST,248,0,0,1,0,0,0,0,0,0,0,0
Art and Christianity: A History of Christian Visual Culture,024371,ARTHIST,251,0,0,0,0,0,0,0,0,0,0,0
Art History Methodology and Theory,025036,ARTHIST,395S,0,0,0,1,0,0,0,0,0,0,0
Articles of Truth: Creating Culture through Multimedia,025074,DOCST,337S,0,0,1,0,0,0,0,0,0,0,0
Artificial Life, Culture, and Evolution,022020,COMPSCI,107FS,0,0,0,0,0,0,0,0,0,1,0
Art in Renaissance Italy,015180,ARTHIST,255,0,0,1,0,0,0,0,0,0,0,0
Art in Renaissance Italy,024712,ARTHIST,255FS,0,0,1,0,0,0,0,0,0,0,0
Arts Entrepreneurship,023901,DOCST,295S,0,0,0,0,0,0,0,0,0,0,0
Art \u0026 Architecture in Early Modern France,023889,ARTHIST,268,0,0,1,0,0,0,0,0,0,0,0
Aspects of Chinese Culture and Society,017943,CHINESE,456,0,0,1,0,0,0,0,0,0,0,0
Back in the U.S.S.R.: Everyday Soviet Culture, 1956-1989,009654,CULANTH,388S,0,0,1,0,0,0,0,0,0,0,0
Behavioral Ecology and the Evolution of Animal Behavior,012500,BIOLOGY,267D,0,0,0,0,0,0,0,0,1,0,0
Berlin: Architecture, Art and the City, 1871-Present,000629,ARTHIST,296A,0,0,1,0,0,0,0,0,0,0,0
Biodiversity of Alaska,023322,BIOLOGY,287A,0,0,0,0,0,0,0,0,0,1,0
Bioelectricity (AC or GE),001656,BME,301L,0,0,0,0,0,0,0,0,0,0,0
Biogeography in an Australian Context,001475,BIOLOGY,288A,0,0,0,0,0,0,0,0,0,1,0
Biological Clocks: How Organisms Keep Time,023236,BIOLOGY,218,0,0,0,0,1,0,0,0,0,0,0
Biological Data Analysis,021047,BIOLOGY,304,0,0,0,0,1,0,0,0,0,0,0
Biological Oceanography,001489,BIOLOGY,369LA,0,0,0,0,0,0,0,0,1,0,0
Biological Principles in Environmental Engineering,002111,CEE,462L,0,0,0,0,0,0,0,0,0,0,0
Biological Responses to Climate Change,021815,BIOLOGY,263,0,0,0,0,0,0,0,0,0,0,1
Biology and Conservation of Sea Turtles,001499,BIOLOGY,375LA,0,0,0,0,0,0,0,0,0,1,0
Biology and Conservation of Sea Turtles,016480,BIOLOGY,375A,0,0,0,0,0,0,0,0,0,1,0
Biology for Engineers: Informing Engineering Decisions,020455,BIOLOGY,275A,0,0,0,0,0,0,0,0,0,1,0
Biology of Nervous System Diseases,020040,BIOLOGY,421S,0,0,0,0,0,0,0,0,0,0,0
Biomechanics and Vehicle Safety Engineering (DR),021644,BME,432L,0,0,0,0,0,0,0,0,0,0,0
Biophotonic Instrumentation (DR),017418,BME,436L,0,0,0,0,0,0,0,0,0,0,0
Biophysics II,023846,BIOLOGY,425,0,0,0,0,0,0,0,0,0,0,0
Birth of the West: Thinking about the Greek Origins of Western Civilization,023828,CLST,171S,0,0,1,0,0,0,0,0,0,0,0
Black Europe: Race, Ethnicity and Diaspora in Contemporary Europe,021218,CULANTH,263,0,0,1,0,0,0,0,0,0,0,0
Black Gods and Kings: Priests and Practices of the Afro-Atlantic Religions,009281,CULANTH,269,0,0,1,0,0,0,0,0,0,0,0
Borderline Humans: How Walls (and Bridges) Define Us,021552,CULANTH,153FS,0,0,1,0,0,0,0,0,0,0,0
Borderline Humans: How Walls (and Bridges) Define Us,021552,DOCST,153FS,0,0,1,0,0,0,0,0,0,0,0
BorderWork(s): At Home/On the Wall: between Belfast and Durham,021087,CULANTH,308T,0,0,1,0,0,0,0,0,0,0,0
Breakdancers, Vocaloids and Gamers: East Asian Youth Culture,023287,CULANTH,316S,0,0,1,0,0,0,0,0,0,0,0
Business and Interculturality in Chinese Society,024763,CHINESE,321SA,0,0,1,0,0,0,0,0,0,0,0
Business and Interculturality in the Chinese Society,024376,CHINESE,321S,0,0,1,0,0,0,0,0,0,0,0
Business Anthropology: Anthropologists in the Workplace,025328,CULANTH,171,0,0,1,0,0,0,0,0,0,0,0
Cancer Genetics,018528,BIOLOGY,420,0,0,0,0,0,0,0,0,1,0,0
Capoeira: Practice and Culture,022920,CULANTH,221SL,0,0,1,0,0,0,0,0,0,0,0
Capstone in Art History,023523,ARTHIST,489S,0,0,0,0,0,0,1,0,0,0,0
Capstone: Research in Human Rights,025138,CULANTH,470S,0,0,0,0,0,0,0,0,0,0,0
Capstone Research Seminars in Classical Studies,024340,CLST,480S-1,0,0,1,0,0,0,0,0,0,0,0
Capstone Seminar in Documentary Studies,015209,DOCST,480S,0,0,0,0,0,0,0,0,1,0,0
Capstone Seminars in Classical Studies,002804,CLST,480S,0,0,1,0,0,0,0,0,0,0,0
Capturing the City: Documentary Photography in Berlin,023919,DOCST,171SA,0,0,1,0,0,0,0,0,0,0,0
Cell Biology,001494,BIOLOGY,220,0,0,0,0,1,0,0,0,0,0,0
Cell Signaling and Diseases,001495,BIOLOGY,213D,0,0,0,0,1,0,0,0,0,0,0
Cellular and Molecular Neurobiology,019566,BIOLOGY,223,0,0,0,0,0,0,0,0,0,0,0
Chemical Principles in Environmental Engineering,002105,CEE,461L,0,0,0,0,0,0,0,0,0,0,0
Chemistry Outreach: Sharing Chemistry with the Community,018705,CHEM,180,0,0,0,0,0,0,0,0,0,0,0
Child Policy Research,017911,CHILDPOL,250S,0,0,0,0,0,0,0,0,1,0,0
Children and the Experience of Illness,015760,DOCST,202S,0,0,0,0,0,0,0,0,0,0,0
Children's Self Expression: Literacy Through Photography,013031,DOCST,224S,0,0,0,0,0,0,1,0,0,0,0
Chinese in the Humanities II,002448,CHINESE,436S,0,0,1,0,0,0,0,0,0,0,0
Chinese Translation and Interpretation,023534,CHINESE,332,0,0,1,0,0,0,0,0,0,0,0
Cities and City Life in Italy,014666,CULANTH,383,0,0,1,0,0,0,0,0,0,0,0
Cities and City Life in Italy,023934,CULANTH,383A,0,0,1,0,0,0,0,0,0,0,0
Civil/Human Rights Activism: In the Spirit of Pauli Murray,020146,CULANTH,246S,0,0,0,0,0,0,0,0,0,0,0
Civil/Human Rights Activism: In the Spirit of Pauli Murray,020146,DOCST,347S,0,0,0,0,0,0,0,0,0,0,0
Classical Arabic Language \u0026 Literature,021900,ARABIC,489,0,0,0,0,0,0,0,1,0,0,0
Classical Chinese in the Modern Context I,017083,CHINESE,371S,0,0,0,0,0,0,0,1,0,0,0
Classical Etymology: The Greek and Latin Roots of English,024705,CLST,151,0,0,1,0,0,0,0,0,0,0,0
Classical Greek Archaeology, Archaic to Classical,002763,ARTHIST,207,0,0,1,0,0,0,0,0,0,0,0
Classical Greek Archaeology, Archaic to Classical,002763,CLST,348,0,0,1,0,0,0,0,0,0,0,0
Classical Sculpture,022780,ARTHIST,340S,0,0,0,0,0,0,0,0,0,0,1
Climate Change in the Marine Environment,022956,BIOLOGY,445A,0,0,0,0,0,0,1,0,0,0,0
Coastal Watershed Science and Policy,023906,BIOLOGY,319A,0,0,0,0,0,0,0,0,0,1,0
Color Photography: Fieldwork and Digital Color,017356,DOCST,236S,0,0,0,0,0,0,0,0,0,0,0
Comparative and Functional Anatomy of the Vertebrates,001482,BIOLOGY,330L,0,0,0,0,1,0,0,0,0,0,0
Comparative Approaches to Global Issues,002842,CULANTH,195,0,0,1,0,0,0,0,0,0,0,0
Comparative Physiology of Marine Animals,001520,BIOLOGY,278LA,0,0,0,0,0,0,0,0,1,0,0
Complex Traits and Evolutionary Genetics,015486,BIOLOGY,350,0,0,0,0,0,0,0,0,0,0,0
Computer Architecture,017430,COMPSCI,250D,0,0,0,0,0,0,0,0,0,0,0
Computer Graphics,002612,COMPSCI,344,0,0,0,0,0,0,0,0,0,0,0
Computer Network Architecture,003619,COMPSCI,356,0,0,0,0,0,0,0,0,0,0,0
Computer Science Education Research,024220,COMPSCI,249,0,0,0,0,0,0,0,0,0,0,0
Computing and the Brain,024408,COMPSCI,103L,0,0,0,0,0,0,0,0,0,0,0
Concrete and Composite Structures,002118,CEE,422L,0,0,0,0,0,0,0,0,0,0,0
Conflict Analysis in Africa (Case Studies),022147,CULANTH,310S,0,0,0,0,0,0,0,0,0,0,0
Conservation and Management of the Material Heritage,025494,ARTHIST,343SA,0,0,1,0,0,0,0,0,0,0,0
Conservation and Management of the Material Heritage,025494,CLST,343SA,0,0,1,0,0,0,0,0,0,0,0
Conservation Biology and Policy,001483,BIOLOGY,270A,0,0,0,0,0,0,1,0,0,0,0
Constructing Immersive Virtual Worlds,018862,COMPSCI,102S,0,0,0,0,0,0,0,0,0,0,0
Contemporary Architecture,024110,ARTHIST,286,0,0,1,0,0,0,0,0,0,0,0
Contemporary Documentary Film: Filmmakers and the Full Frame Documentary Film Festival,017078,DOCST,270,0,0,1,0,0,0,0,0,0,0,0
Contemporary Performance,021055,ARTHIST,229,0,0,0,0,0,0,0,0,1,0,0
Conversational Egyptian Arabic,023314,ARABIC,288,0,0,1,0,0,0,0,0,0,0,0
Core Concepts in Chemistry,019342,CHEM,101DL,0,0,0,0,1,0,0,0,0,0,0
Cubism and Culture,000637,ARTHIST,304,0,0,1,0,0,0,0,0,0,0,0
Culture and Politics in Africa,000093,CULANTH,242,0,0,1,0,0,0,0,0,0,0,0
Culture and Politics in Contemporary Europe: Citizenship, Migration, and National Belonging,012560,CULANTH,265,0,0,1,0,0,0,0,0,0,0,0
Culture and Politics in Latin America,001896,CULANTH,243,0,0,1,0,0,0,0,0,0,0,0
Cultures and Politics of the America Borderlands,022141,CULANTH,254,0,0,1,0,0,0,0,0,0,0,0
Cultures of New Media,021120,CULANTH,434S,0,0,0,0,0,0,0,0,0,1,0
Curatorial Practicum: Exhibition Development and Design,023524,ARTHIST,455S,0,0,0,1,0,0,0,0,0,0,0
Current Issues in Anthropology,001946,CULANTH,290,0,0,0,0,0,0,0,0,0,0,0
Current Issues in Anthropology,001947,CULANTH,290S,0,0,0,0,0,0,0,0,0,0,0
Current Issues in Modern Chinese I,002430,CHINESE,473A,0,0,1,0,0,0,0,0,0,0,0
Current Issues in Modern Chinese II,002431,CHINESE,474A,0,0,1,0,0,0,0,0,0,0,0
Current Technologies in Genomics and Precision Medicine,025322,BIOLOGY,325,0,0,0,0,0,0,0,0,0,1,0
Current Topics in Sensory Biology,020753,BIOLOGY,427S,0,0,0,0,1,0,0,0,0,0,0
Cyborgs,013840,CULANTH,213,0,0,1,0,0,0,0,0,0,0,0
Dada and Surrealism,000626,ARTHIST,288,0,0,1,0,0,0,0,0,0,0,0
Dance for the Camera,020113,DOCST,242S,0,0,0,0,0,0,0,0,1,0,0
Dancing States of Mind: The Self, Social and Political Practice of Dance,024428,CULANTH,311S,0,0,0,0,0,0,0,0,1,0,0
Dardasha Arabiyyah: Moroccan Dialect and Culture,023291,ARABIC,296A,0,0,1,0,0,0,0,0,0,0,0
Data Structures and Algorithms,002598,COMPSCI,201,0,0,0,0,0,1,0,0,0,0,0
Deep-Sea Science and Environmental Management,025216,BIOLOGY,368A,0,0,0,0,0,0,0,0,1,0,0
Delivering Software: From Concept to Client,021860,COMPSCI,408,0,0,0,0,0,0,0,0,1,0,0
Democracy: Ancient and Modern,021996,CLST,275,0,0,1,0,0,0,0,0,0,0,0
Design for the Developing World (DR),017434,BME,462L,0,0,0,0,0,0,0,0,0,0,0
Developmental and Stem Cell Biology Colloquium,012703,BIOLOGY,415S,0,0,0,0,1,0,0,0,0,0,0
Developmental Biology: Development, Stem Cells, and Regeneration,024979,BIOLOGY,221D,0,0,0,0,1,0,0,0,0,0,0
Development and Africa,000041,CULANTH,307,0,0,1,0,0,0,0,0,0,0,0
Devices for People with Disabilities (DR),001700,BME,460L,0,0,0,0,0,0,0,0,0,0,0
Digital Art History II: New Representational Technologies Advanced,023543,ARTHIST,454SL,0,0,0,0,0,0,0,0,0,0,0
Digital Art History I: New Representational Technologies,023537,ARTHIST,354SL,0,0,0,0,0,0,0,0,0,0,0
Digital Documentary Photography: Education, Childhood, and Growth,017875,DOCST,209S,0,0,0,0,0,0,0,0,0,0,0
Digital Documentary Photography: Education, Childhood, and Growth,024221,DOCST,209FS,0,0,0,0,0,0,1,0,0,0,0
Discrete Math for Computer Science,015847,COMPSCI,230,0,0,0,0,0,1,0,0,0,0,0
Displacements: Migration and Human Trafficking,022165,CULANTH,342,0,0,0,0,0,0,0,0,0,0,0
Documentary and Policy: How Documentary Influences Policy,021119,DOCST,272S,0,0,0,0,0,0,0,0,0,0,0
Documentary Biography,021781,DOCST,351S,0,0,0,0,0,0,0,0,1,0,0
Documentary Engagement Through Field-Based Projects,018567,DOCST,355S,0,0,0,0,0,0,0,0,0,0,0
Documentary Photography and the Southern Culture Landscape,000977,DOCST,215S,0,0,1,0,0,0,0,0,0,0,0
Documentary Publishing from Gutenberg to the Web: The Vanishing Point Course,022529,DOCST,352S,0,0,1,0,0,0,0,0,0,0,0
Documentary Video Production Workshop,023870,DOCST,312S,0,0,0,0,0,0,0,0,0,0,0
Documentary Writing: Creative Nonfiction Through Fieldwork,018287,DOCST,111S,0,0,0,0,0,0,0,0,1,0,0
Documentary Writing Workshop,021067,DOCST,311S,0,0,0,0,0,0,0,0,1,0,0
Documenting Black Experiences,020222,CULANTH,262S,0,0,0,0,0,0,0,0,0,0,0
Documenting Black Experiences,020222,DOCST,350S,0,0,0,0,0,0,0,0,0,0,0
Documenting Black Power: Writing the History of the African American Freedom Struggle,017407,DOCST,320S,0,0,0,0,0,0,0,0,0,0,0
Documenting Black: Tales Along the Color Line, 1865 - 2004,022121,DOCST,324S,0,0,1,0,0,0,0,0,0,0,0
Documenting the Middle East: Community and Oral History,024709,DOCST,204FS,0,0,0,0,0,0,0,0,0,0,0
Docu-Poetry: Real Life Truths Outside and Inside the Poetic Narrative,024155,DOCST,279S,0,0,0,0,0,0,1,0,0,0,0
Drama of Greece and Rome,002747,CLST,304,0,0,1,0,0,0,0,0,0,0,0
Drawing Foundations in Early Modern Europe,025272,ARTHIST,265,0,0,0,0,0,0,0,0,0,0,0
Drones in Marine Biology, Ecology, and Conservation,024178,BIOLOGY,335LA,0,0,0,0,0,0,0,0,0,1,0
Drones in Marine Biology, Ecology, and Conservation,024645,BIOLOGY,335A,0,0,0,0,0,0,0,0,0,0,0
Duke-Administered Study Abroad: Advanced Special Topics in Art History,000594,ARTHIST,390A,0,0,0,0,0,0,0,0,0,0,0
Duke-Administered Study Abroad: Advanced Special Topics in Biology,001479,BIOLOGY,390A,0,0,0,0,0,0,0,0,0,0,0
Duke-Administered Study Abroad: Introductory Special Topics in Cultural Anthropology,001855,CULANTH,190A,0,0,0,0,0,0,0,0,0,0,0
Duke Administered Study Abroad: Special Topics in Arabic,022670,ARABIC,290A,0,0,0,0,0,0,0,0,0,0,0
Duke-Administered Study Abroad: Special Topics in Art History,000534,ARTHIST,190A,0,0,0,0,0,0,0,0,0,0,0
Duke-Administered Study Abroad: Special Topics in Biology,001464,BIOLOGY,190A,0,0,0,0,0,0,0,0,0,0,0
Duke-Administered Study Abroad: Special Topics in Classical Studies,022386,CLST,290A,0,0,0,0,0,0,0,0,0,0,0
Duke-Administered Study Abroad: Special Topics in Classical Studies,022387,CLST,290SA,0,0,0,0,0,0,0,0,0,0,0
Duke-Administered Study Abroad: Special Topics in Cultural Anthropology,001864,CULANTH,290A,0,0,0,0,0,0,0,0,0,0,0
Duke-Administered Study Abroad: Special Topics in Cultural Anthropology,023347,CULANTH,390SA,0,0,0,0,0,0,0,0,0,0,0
Duke-Administered Study Abroad: Special Topics in Cultural Anthropology,023996,CULANTH,190SA,0,0,0,0,0,0,0,0,0,0,0
Early Greek Archaeology: From the Fall of Mycenae to the Persian Wars,002762,ARTHIST,206,0,0,1,0,0,0,0,0,0,0,0
Early Greek Archaeology: From the Fall of Mycenae to the Persian Wars,002762,CLST,344,0,0,1,0,0,0,0,0,0,0,0
Ecology for a Crowded Planet,001486,BIOLOGY,209D-2,0,0,0,0,0,0,0,0,0,1,0
Ecosystem Health and Human Well-Being,001459,BIOLOGY,153,0,0,0,0,0,0,0,0,0,1,0
Editing for Film and Video,020226,DOCST,288S,0,0,0,0,0,0,0,0,0,0,0
Elements of Machine Learning,025283,COMPSCI,371D,0,0,0,0,0,1,0,0,0,0,0
Elements of Physical Chemistry,002350,CHEM,301,0,0,0,0,1,0,0,0,0,0,0
Energy Futures and Environmental Justice,024154,CULANTH,345S,0,0,0,0,0,0,0,0,0,0,0
Engineering Sustainable Design and the Global Community,019092,CEE,315,0,0,0,0,0,0,0,0,0,0,0
Engineering Sustainable Design and the Global Community: Environmental Focus,022962,CEE,315-60,0,0,0,0,0,0,0,0,0,1,0
Engineering Sustainable Design and the Global Community: Structural Focus,022961,CEE,315-20,0,0,0,0,0,0,0,0,0,1,0
Engineering the Planet,025320,CEE,132L,0,0,0,0,0,0,0,0,0,1,0
Enterprising Leadership and Civic Engagement,023568,CULANTH,113FS,0,0,0,0,0,0,0,0,0,0,0
Environment, Health, and Development in China,020240,CULANTH,395S,0,0,1,0,0,0,0,0,0,0,0
Ethics of Ethnography: In the Field and on the Page,025420,CULANTH,280S,0,0,0,0,0,0,1,0,0,0,0
Etruscans: Myth, Archaeology and Civilization,023827,ARTHIST,196,0,0,1,0,0,0,0,0,0,0,0
Etruscans: Myth, Archaeology and Civilization,023827,CLST,241,0,0,1,0,0,0,0,0,0,0,0
European Art 1760-1850,000595,ARTHIST,278,0,0,1,0,0,0,0,0,0,0,0
European Art 1850-1900,000600,ARTHIST,279,0,0,1,0,0,0,0,0,0,0,0
European Art 1900-1945,000601,ARTHIST,280,0,0,1,0,0,0,0,0,0,0,0
Everything Data,023264,COMPSCI,216,0,0,0,0,0,1,0,0,0,0,0
Evolutionary Genomics: Who Are We, Where Have We Been, and Where Are We Going?,024138,BIOLOGY,128FS,0,0,0,0,0,0,0,0,0,1,0
Evolution of Animal Form,001496,BIOLOGY,248,0,0,0,0,0,0,0,0,1,0,0
Evolution of Animal Form,015485,BIOLOGY,248-1,0,0,0,0,1,0,0,0,0,0,0
Evolution of Life,022930,BIOLOGY,162,0,0,0,0,0,0,0,0,0,1,0
Experimenting With, and Writing About, Molecules and Cells,001540,BIOLOGY,416L,0,0,0,0,0,0,0,0,1,0,0
Experiments in Developmental and Molecular Genetics,017426,BIOLOGY,414LS,0,0,0,0,0,0,0,0,1,0,0
Exploring Art and Architecture - Foundations and Histories,023565,ARTHIST,104,0,0,0,1,0,0,0,0,0,0,0
Fantasy, Mass Media, and Popular Culture,001873,CULANTH,108,0,0,1,0,0,0,0,0,0,0,0
Farmworkers in North Carolina: Roots of Poverty, Roots of Change,014927,CULANTH,236S,0,0,0,0,0,0,0,0,0,0,0
Farmworkers in North Carolina: Roots of Poverty, Roots of Change,014927,DOCST,332S,0,0,0,0,0,0,0,0,0,0,0
Feminist Art from the 1970s to the Present,023316,ARTHIST,213S,0,0,1,0,0,0,0,0,0,0,0
Field Ecology,019728,BIOLOGY,361LS,0,0,0,0,0,0,0,0,1,0,0
Fieldwork Methods: Cultural Analysis and Interpretation,015745,CULANTH,302,0,0,0,0,0,0,1,0,0,0,0
Filming Art,024365,DOCST,451S,0,0,0,0,0,0,0,0,0,0,0
First-Year Chinese in Review I,023683,CHINESE,105,0,0,0,0,0,0,0,1,0,0,0
First-Year Chinese in Review II,023270,CHINESE,106,0,0,0,0,0,0,0,1,0,0,0
Fluid Mechanics,002107,CEE,301L,0,0,0,0,0,0,0,0,0,0,0
Focus Program Topics in Biology,001472,BIOLOGY,190FS,0,0,0,0,0,0,0,0,0,0,0
Focus Program: Topics in Computer Science,022265,COMPSCI,190FS,0,0,0,0,0,0,0,0,0,0,0
Food and Fuel for a Growing Population: Nuts and Bolts of Plant Growth and Production,021346,BIOLOGY,228,0,0,0,0,0,0,0,0,0,1,0
Food and Fuel for a Growing Population: Nuts and Bolts of Plant Growth and Production,025259,BIOLOGY,228S,0,0,0,0,0,0,0,0,0,1,0
Food and the Body,021793,CULANTH,309S,0,0,1,0,0,0,0,0,0,0,0
Food, Culture, and Society,025246,CULANTH,389S,0,0,1,0,0,0,0,0,0,0,0
French Art and Visual Culture in the Early Modern Period,000589,ARTHIST,260,0,0,1,0,0,0,0,0,0,0,0
From Enlightenment Culture to Popular Culture,024651,CULANTH,352A,0,0,1,0,0,0,0,0,0,0,0
From Influenza A to Varicella Zoster: The Physiology, Ecology, and Evolution of Infectious Disease,019725,BIOLOGY,365,0,0,0,0,1,0,0,0,0,0,0
From Neurons to Brain,021050,BIOLOGY,322,0,0,0,0,1,0,0,0,0,0,0
From the Art of the Pleasure Quarters to Tokyo Pop,023525,ARTHIST,432S,0,0,1,0,0,0,0,0,0,0,0
Fundamentals of Biomaterials and Biomechanics (AC or GE),018813,BME,302L,0,0,0,0,0,0,0,0,0,0,0
Fundamentals of Neuroscience,008825,BIOLOGY,224D,0,0,0,0,0,0,0,0,0,1,0
Games and Culture: Politics, Pleasure and Pedagogy,024157,CULANTH,440S,0,0,1,0,0,0,0,0,0,0,0
Gateway to Biology: Genetics and Evolution,001477,BIOLOGY,202L,0,0,0,0,0,0,0,0,0,1,0
Gateway to Biology: Genetics and Evolution,023318,BIOLOGY,202LA,0,0,0,0,0,0,0,0,0,1,0
Gateway to Biology: Molecular Biology,020037,BIOLOGY,201L,0,0,0,0,0,0,0,0,0,1,0
Gateway to Biology: Molecular Biology,021396,BIOLOGY,201LA,0,0,0,0,0,0,0,0,0,1,0
Gender and Culture,001879,CULANTH,271,0,0,1,0,0,0,0,0,0,0,0
Gender and Language,009662,CULANTH,232,0,0,1,0,0,0,0,0,0,0,0
Gender and Sexuality in Latin America,015192,CULANTH,429,0,0,1,0,0,0,0,0,0,0,0
Gender and Sexuality in the Ancient World,023442,CLST,266,0,0,1,0,0,0,0,0,0,0,0
Gender, Sex and Citizenship,020755,CULANTH,432S,0,0,0,0,0,0,0,0,0,0,0
Gene-Environment Interaction: Genes in an Ecological Context,021049,BIOLOGY,453S,0,0,0,0,1,0,0,0,0,0,0
General Biology,001448,BIOLOGY, 20,0,0,0,0,0,0,0,0,0,0,0
General Microbiology,001478,BIOLOGY,212L,0,0,0,0,1,0,0,0,0,0,0
Genes \u0026 Development,020752,BIOLOGY,452S,0,0,0,0,1,0,0,0,0,0,0
Genetic Engineering and Biotechnology,012704,BIOLOGY,417S,0,0,0,0,0,0,0,0,0,1,0
Genetics and Genomics of Human Variation,025438,BIOLOGY,260S,0,0,1,0,0,0,0,0,0,0,0
Genomics of Adaptation: A Modern Look at Evolution,023233,BIOLOGY,450S,0,0,0,0,1,0,0,0,0,0,0
Genomics of Host-Microbe Interactions: The Symbiotic Web,022215,BIOLOGY,148FS,0,0,0,0,0,0,0,0,1,0,0
Global Apple: Life and Death and the Digital Revolution,025347,CULANTH,360S,0,0,0,0,0,0,1,0,0,0,0
Global Art Since 1945,000602,ARTHIST,381D,0,0,1,0,0,0,0,0,0,0,0
Global Art Since 1945,024658,ARTHIST,381S,0,0,1,0,0,0,0,0,0,0,0
Global Cities,021345,CULANTH,465S,0,0,1,0,0,0,0,0,0,0,0
Global Culture,001883,CULANTH,210,0,0,1,0,0,0,0,0,0,0,0
Global Diseases,017088,BIOLOGY,180FS,0,0,0,0,0,0,0,0,0,1,0
Global Environmentalism and the Politics of Nature,013132,CULANTH,419S,0,0,1,0,0,0,0,0,0,0,0
Globalization and Anti-Globalization,016053,CULANTH,425,0,0,1,0,0,0,0,0,0,0,0
Global Migration and Ethics,001978,CULANTH,216S,0,0,0,0,0,0,0,0,0,0,0
Global Migration and Ethics,021780,CULANTH,216,0,0,0,0,0,0,1,0,0,0,0
Global Russia,020278,CULANTH,399,0,0,1,0,0,0,0,0,0,0,0
Global Russia,023884,CULANTH,399A,0,0,1,0,0,0,0,0,0,0,0
Global Tibet,021347,CULANTH,431S,0,0,1,0,0,0,0,0,0,0,0
Global Women's Health Technologies,025173,BME,230L,0,0,0,0,0,0,0,0,0,1,0
Graduation with Distinction in Chemistry,018033,CHEM,496,0,0,0,0,0,0,0,0,0,0,0
Greek Civilization,002723,CLST,181S,0,0,1,0,0,0,0,0,0,0,0
Greek History,002730,CLST,283,0,0,1,0,0,0,0,0,0,0,0
GTWY SEM: What Did Your Grandparents Do? A Global Exploration of Individual Life Histories,024386,DOCST,159S,0,0,1,0,0,0,0,0,0,0,0
Health, Culture, and the Latino Community,015778,CULANTH,306,0,0,0,0,0,0,0,0,0,0,0
Health Policy in Transition: Challenges for China,020270,CULANTH,396AS,0,0,1,0,0,0,0,0,0,0,0
Herpetology,025003,BIOLOGY,348LS,0,0,0,0,1,0,0,0,0,0,0
Historical Documentary Production,024422,DOCST,329S,0,0,0,0,0,0,1,0,0,0,0
History and Theory of Curatorial Practice,024153,ARTHIST,222S,0,0,0,1,0,0,0,0,0,0,0
History of Ancient Philosophy,007701,CLST,271,0,0,1,0,0,0,0,0,0,0,0
History of Art Markets,000587,ARTHIST,231,0,0,0,0,0,0,0,0,1,0,0
History of Art Markets,024401,ARTHIST,231D,0,0,0,0,0,0,0,0,1,0,0
History of Documentary Film,025329,DOCST,107A,0,0,1,0,0,0,0,0,0,0,0
History of Impressionism,000621,ARTHIST,298,0,0,1,0,0,0,0,0,0,0,0
History of Netherlandish Art in a European Context,000592,ARTHIST,262A,0,0,1,0,0,0,0,0,0,0,0
History of Netherlandish Art in a European Context,000593,ARTHIST,263A,0,0,1,0,0,0,0,0,0,0,0
History of Photography, 1839 to the Present,000638,ARTHIST,303,0,0,1,0,0,0,0,0,0,0,0
History of Photography, 1839 to the Present,000638,DOCST,303,0,0,1,0,0,0,0,0,0,0,0
History of Pre-Modern Architecture,025249,ARTHIST,184D,0,0,1,0,0,0,0,0,0,0,0
Hollywood and Africa: Case Studies in Filmic Representation,023219,CULANTH,336,0,0,1,0,0,0,0,0,0,0,0
Honors Chemistry: Core Concepts in Context,019344,CHEM,110DL,0,0,0,0,1,0,0,0,0,0,0
Honors Chemistry: Core Concepts in Context (Lab),019406,CHEM,110L9,0,0,0,0,0,0,0,0,0,0,0
Honors Thesis Workshop,023527,ARTHIST,495S,0,0,0,0,0,0,0,0,1,0,0
How Does Biology Work? The Physical and Chemical Underpinnings of Biological Nanomachines,002363,CHEM,302,0,0,0,0,0,0,0,0,0,0,0
How Organisms Move,024680,BIOLOGY,429S,0,0,0,0,1,0,0,0,0,0,0
Human Embryology: Reproductive Biology in the 21st Century,017853,BIOLOGY,431S,0,0,0,0,0,0,1,0,0,0,0
Human Rights and Documentary: Aesthetics, Ethics, History,025095,DOCST,366S,0,0,0,0,0,0,0,0,0,0,0
Human Rights in the Americas,023953,CULANTH,245S,0,0,0,0,0,0,0,0,0,0,0
Hydrologic and Environmental Data Analysis,022832,CEE,365,0,0,0,0,0,0,0,0,0,0,0
Imagining Europe: Arts, Culture, Politics,011802,ARTHIST,202,0,0,1,0,0,0,0,0,0,0,0
Independent Study,000526,ARABIC,391,0,0,0,0,0,0,0,0,0,0,0
Independent Study,002452,CHINESE,391,0,0,0,0,0,0,0,0,0,0,0
Independent Study,024780,ARTHIST,391,0,0,0,0,0,0,0,0,0,0,0
Independent Study,024960,ARTHIST,392,0,0,0,0,0,0,0,0,0,0,0
Independent Study: Advanced Topics,023989,BIOLOGY,491,0,0,0,0,0,0,0,0,0,0,0
Independent Study: Advanced Topics,024185,BIOLOGY,491A,0,0,0,0,0,0,0,0,0,0,0
Independent Study: Advanced Topics,024306,BIOLOGY,391,0,0,0,0,0,0,0,0,0,0,0
Independent Study: Advanced Topics,024315,BIOLOGY,391A,0,0,0,0,0,0,0,0,0,0,0
Independent Study in Civil and Environmental Engineering,002130,CEE,491,0,0,0,0,0,0,0,0,0,0,0
Independent Study in Civil and Environmental Engineering,002131,CEE,492,0,0,0,0,0,0,0,0,0,0,0
Independent Study in Civil and Environmental Engineering,023546,CEE,291,0,0,0,0,0,0,0,0,0,0,0
Independent Study in Civil and Environmental Engineering,023547,CEE,292,0,0,0,0,0,0,0,0,0,0,0
Independent Study in Documentary Studies,023158,DOCST,491,0,0,0,0,0,0,0,0,0,0,0
Indian Civilization,020607,CULANTH,215S,0,0,1,0,0,0,0,0,0,0,0
Information, Society \u0026 Culture: Bass Connections Gateway,022156,COMPSCI,110,0,0,0,0,0,0,0,0,0,1,0
Inorganic Chemistry,002323,CHEM,410,0,0,0,0,1,0,0,0,0,0,0
Integrated Environmental Design,014620,CEE,469,0,0,0,0,0,0,0,0,0,0,0
Integrated Structural Design,002129,CEE,429,0,0,0,0,0,0,0,0,0,0,0
Integrative Neuroscience Laboratory,021061,BIOLOGY,385L,0,0,0,0,0,0,0,0,1,0,0
Intensive Advanced Chinese,002427,CHINESE,427A,0,0,1,0,0,0,0,0,0,0,0
Intensive Advanced Chinese,002428,CHINESE,428A,0,0,1,0,0,0,0,0,0,0,0
Intensive Progress in Chinese,002419,CHINESE,223A,0,0,0,0,0,0,0,1,0,0,0
Intensive Progress in Chinese,002420,CHINESE,224A,0,0,0,0,0,0,0,1,0,0,0
Interethnic Intimacies: Production and Consumption,022582,CULANTH,415S,0,0,1,0,0,0,0,0,0,0,0
Intermediate Arabic,000513,ARABIC,204,0,0,0,0,0,0,0,1,0,0,0
Intermediate-Mid Chinese,024121,CHINESE,205,0,0,0,0,0,0,0,1,0,0,0
Intermediate Topics (GE),018682,BME,290,0,0,0,0,0,0,0,0,0,0,0
Intermediate Topics with Lab (GE),023013,BME,290L,0,0,0,0,0,0,0,0,0,0,0
Introduction to African Studies (DS3 or DS4),000082,CULANTH,105,0,0,1,0,0,0,0,0,0,0,0
Introduction to Artificial Intelligence,002625,COMPSCI,270,0,0,0,0,0,1,0,0,0,0,0
Introduction to Audio Documentary,016428,DOCST,135S,0,0,0,0,0,0,0,0,1,0,0
Introduction to Biological Thinking,023577,BIOLOGY,199D,0,0,0,0,0,0,0,0,0,1,0
Introduction to Biophysics,015222,BIOLOGY,418,0,0,0,0,0,0,0,0,0,0,0
Introduction to Black and White Photography,013815,DOCST,115S,0,0,0,0,0,0,0,0,0,0,0
Introduction to Computational Genomics,015496,COMPSCI,260,0,0,0,0,1,0,0,0,0,0,0
Introduction to Computer Modeling,017878,COMPSCI,224,0,0,0,0,0,1,0,0,0,0,0
Introduction to Computer Science,014361,COMPSCI,101L,0,0,0,0,0,1,0,0,0,0,0
Introduction to Cultural Anthropology,001860,CULANTH,101,0,0,1,0,0,0,0,0,0,0,0
Introduction to Database Systems,015744,COMPSCI,316,0,0,0,0,0,1,0,0,0,0,0
Introduction to Digital Photography,023907,DOCST,119S,0,0,0,0,0,0,0,0,0,0,0
Introduction to Environmental Engineering and Science,003749,CEE,160L,0,0,0,0,0,0,0,0,0,1,0
Introduction to Film Studies,003845,DOCST,264,0,0,0,0,0,0,0,0,0,0,0
Introduction to Global Los Angeles: An Interdisciplinary Survey,020567,DOCST,359A,0,0,0,0,0,0,0,0,0,0,0
Introduction to High Dimensional Data Analysis,021376,COMPSCI,445,0,0,0,0,0,0,0,0,0,0,0
Introduction to Human Rights: Gateway for the Human Rights Certificate,023954,CULANTH,104D,0,0,0,0,0,0,0,0,0,0,0
Introduction to Landscape Archaeology and Cultural Landscapes,025251,CLST,299L,0,0,1,0,0,0,0,0,0,0,0
Introduction to Mathematical Modeling in Biology,012941,BIOLOGY,215,0,0,0,0,0,0,0,0,1,0,0
Introduction to Medical Instrumentation,015631,BME,354L,0,0,0,0,0,0,0,0,0,0,0
Introduction to Modeling in Mathematical Biology,021046,BIOLOGY,215L,0,0,0,0,0,0,0,0,1,0,0
Introduction to Modern Latin American Art and Visual Culture,021653,ARTHIST,250D,0,0,1,0,0,0,0,0,0,0,0
Introduction to Oral History,016078,DOCST,110S,0,0,0,0,0,0,0,0,1,0,0
Introduction to Performance Studies,023900,CULANTH,219S,0,0,1,0,0,0,0,0,0,0,0
Introduction to Research Independent Study,018704,CHEM,295,0,0,0,0,0,0,0,0,0,0,1
Introduction to Soil Mechanics,002122,CEE,302L,0,0,0,0,0,0,0,0,0,0,0
Introduction to Sustainable Development,024136,CULANTH,107,0,0,1,0,0,0,0,0,0,0,0
Introduction to the History of Art,000536,ARTHIST,101D,0,0,1,0,0,0,0,0,0,0,0
Introduction to the History of Art,000538,ARTHIST,102D,0,0,1,0,0,0,0,0,0,0,0
Introduction to World Art History from 1200 to the Present,000538,ARTHIST,102D,0,0,1,0,0,0,0,0,0,0,0
Islamic Civilization I,009271,CULANTH,256,0,0,0,0,0,0,0,0,0,0,0
Islamic Civilization II,009272,CULANTH,257,0,0,1,0,0,0,0,0,0,0,0
Israel/Palestine: Comparative Perspectives,023214,CULANTH,148,0,0,0,0,0,0,0,0,0,0,0
Issues in Arabic Language and Literature I,000524,ARABIC,407,0,0,1,0,0,0,0,0,0,0,0
Issues in Arabic Language and Literature II,000525,ARABIC,408,0,0,0,0,0,0,0,1,0,0,0
Issues in Chinese Language and Society II,002443,CHINESE,408S,0,0,1,0,0,0,0,0,0,0,0
Italian Baroque Art,024159,ARTHIST,256,0,0,1,0,0,0,0,0,0,0,0
Japanese Architecture,013522,ARTHIST,234,0,0,1,0,0,0,0,0,0,0,0
Japanese Art, 1600 to the Present,000616,ARTHIST,232,0,0,1,0,0,0,0,0,0,0,0
Language and Society,020504,CULANTH,212,0,0,0,0,0,0,0,0,0,0,0
Language in Immigrant America,021084,CULANTH,397S,0,0,0,0,0,0,0,0,0,0,0
Languages of the World,006285,CULANTH,202,0,0,1,0,0,0,0,0,0,0,0
Latino/as in the Global South Capstone - Global/Local Contexts,020494,CULANTH,495S,0,0,1,0,0,0,0,0,0,0,0
Levantine Arabic: Dardasha Shamiyyah,022530,ARABIC,287,0,0,1,0,0,0,0,0,0,0,0
Liberty and Equality: Ancient and Modern Perspectives,023434,CLST,170FS,0,0,1,0,0,0,0,0,0,0,0
Life and Death: Global Perspectives,021082,CULANTH,341,0,0,1,0,0,0,0,0,0,0,0
Literary Islam,022878,ARABIC,328S,0,0,1,0,0,0,0,0,0,0,0
Living, Dying, Healing in Russia,024120,CULANTH,481,0,0,1,0,0,0,0,0,0,0,0
Logic and Its Applications,006921,COMPSCI,288,0,0,0,0,0,0,0,0,0,0,0
Magazine Journalism,012997,DOCST,356S,0,0,0,0,0,0,0,0,0,0,0
Mapping History with Geographic Information Systems,024150,ARTHIST,315,0,0,0,0,0,0,0,0,0,1,0
Marine Ecology,001504,BIOLOGY,273LA,0,0,0,0,0,0,0,0,1,0,0
Marine Invertebrate Zoology,001535,BIOLOGY,377LA,0,0,0,0,0,0,0,0,1,0,0
Marine Mammals,001500,BIOLOGY,376A,0,0,0,0,0,0,0,0,0,1,0
Marine Megafauna,017413,BIOLOGY,205,0,0,0,0,0,0,0,0,0,1,0
Marxism and Society,001911,CULANTH,203,0,0,0,0,0,0,1,0,0,0,0
Mathematical Foundations of Computer Science,002616,COMPSCI,334,0,0,0,0,0,1,0,0,0,0,0
Matrix Structural Analysis,002116,CEE,421L,0,0,0,0,0,0,0,0,0,0,0
Matters of Life and Death,021783,DOCST,280S,0,0,1,0,0,0,0,0,0,0,0
Mayas, Aztecs and Incas: The World According to the Indigenous People of Latin America,019872,CULANTH,367D,0,0,0,0,0,0,1,0,0,0,0
Mayas, Aztecs, and Incas: The World According to the Indigenous People of Latin America,020117,CULANTH,367S,0,0,0,0,0,0,1,0,0,0,0
Media Arabic I: Arabic in Media and Documentary Film,000527,ARABIC,281,0,0,0,0,0,0,0,1,0,0,0
Media Arabic II,021898,ARABIC,283,0,0,0,0,0,0,0,1,0,0,0
Medical Anthropology,017935,CULANTH,424,0,0,0,0,0,0,1,0,0,0,0
Medical Anthropology,018531,CULANTH,424-1,0,0,1,0,0,0,0,0,0,0,0
Medical Instrumentation in the Developing World (GE),022675,BME,195FS,0,0,0,0,0,0,0,0,0,1,0
Medical Instrument Design (DR),001702,BME,464L,0,0,0,0,0,0,0,0,0,0,0
Medicine and the Vision of Documentary Photography,016079,DOCST,206S,0,0,0,0,0,0,0,0,0,0,0
Medieval Architecture,000551,ARTHIST,226,0,0,1,0,0,0,0,0,0,0,0
Medieval Cultures,006622,ARTHIST,121,0,0,1,0,0,0,0,0,0,0,0
Medieval Cultures,006622,CLST,121,0,0,1,0,0,0,0,0,0,0,0
Mediterranean Cultures (Study Abroad),002780,CLST,320A,0,0,1,0,0,0,0,0,0,0,0
Memory Bandits: Human Rights, Duke's History and a Plan to Expand History-Telling,024468,CULANTH,347T,0,0,0,0,0,0,0,0,0,0,0
Metallic Structures,002120,CEE,423L,0,0,0,0,0,0,0,0,0,0,0
Migrant China,001888,CULANTH,241,0,0,1,0,0,0,0,0,0,0,0
Minor Japan,021854,CULANTH,364S,0,0,1,0,0,0,0,0,0,0,0
Modeling Cellular and Molecular Systems,013022,BME,260L,0,0,0,0,0,0,0,0,0,0,0
Modern Applications of Chemical Principles,019343,CHEM,210DL,0,0,0,0,1,0,0,0,0,0,0
Modern Architecture,016047,ARTHIST,285D,0,0,1,0,0,0,0,0,0,0,0
Modern Architecture,017530,ARTHIST,285,0,0,1,0,0,0,0,0,0,0,0
Modern Chinese Society and Culture through New Media,024690,CHINESE,331D,0,0,1,0,0,0,0,0,0,0,0
Modern Diagnostic Imaging Systems (AC or GE),001690,BME,303L,0,0,0,0,0,0,0,0,0,0,0
Multidisciplinary Approaches to Contemporary Children's Issues,017869,CHILDPOL,495S,0,0,0,0,0,0,0,0,1,0,0
Multimedia Documentary: Editing, Production, and Publication,018788,DOCST,360S,0,0,0,0,0,0,0,0,0,0,0
Multi-Method Approaches to Social and Policy Research,019065,CHILDPOL,241,0,0,0,0,0,0,0,0,1,0,0
Multi-Method Approaches to Social and Policy Research,022758,CHILDPOL,241A,0,0,0,0,0,0,0,0,1,0,0
Museum Internship I,002789,ARTHIST,310,0,0,0,1,0,0,0,0,0,0,0
Museum Internship II,021771,ARTHIST,311,0,0,0,1,0,0,0,0,0,0,0
Museum Theory and Practice,017082,ARTHIST,220,0,0,0,0,0,0,0,0,1,0,0
Music in South Asia,014340,CULANTH,259,0,0,1,0,0,0,0,0,0,0,0
Music, Social Life, and Scenes,007101,CULANTH,137,0,0,1,0,0,0,0,0,0,0,0
Muslim Women Across the Ages,020896,CULANTH,224S,0,0,0,0,0,0,0,0,0,0,0
Muslim World: Transformations and Continuities,001894,CULANTH,250,0,0,1,0,0,0,0,0,0,0,0
Myth, Ritual, Symbol,015488,CULANTH,422,0,0,1,0,0,0,0,0,0,0,0
Narratives of Migration,025338,CULANTH,330S,0,0,1,0,0,0,0,0,0,0,0
Netherlandish Art and Visual Culture in the Seventeenth and Eighteenth Centuries,000586,ARTHIST,337,0,0,1,0,0,0,0,0,0,0,0
News as a Moral Battleground,014156,DOCST,371,0,0,0,0,0,0,0,0,0,0,0
Organic Chemistry I,002333,CHEM,201DL,0,0,0,0,0,0,0,0,0,1,0
Organic Chemistry I at the Duke Marine Lab,025178,CHEM,201DLA,0,0,0,0,0,0,0,0,0,1,0
Organic Chemistry II,002338,CHEM,202L,0,0,0,0,0,0,0,0,0,1,0
Organic Chemistry Laboratory,013597,CHEM,201L9,0,0,0,0,0,0,0,0,0,0,0
Organismal Diversity,020061,BIOLOGY,206L,0,0,0,0,1,0,0,0,0,0,0
Organismal Evolution,020271,BIOLOGY,207,0,0,0,0,1,0,0,0,0,0,0
Our Culinary Cultures,019057,CULANTH,258S,0,0,1,0,0,0,0,0,0,0,0
Our Culinary Cultures,019057,DOCST,344S,0,0,1,0,0,0,0,0,0,0,0
Patient and Research Participant Activism and Advocacy,025265,CULANTH,196FS,0,0,0,0,0,0,0,0,0,0,0
People, Plants and Pollution: Introduction to Urban Environments,020046,BIOLOGY,262,0,0,0,0,0,0,0,0,0,1,0
Philosophy of Biology,014767,BIOLOGY,255,0,0,0,0,0,0,0,0,1,0,0
Photographic Memory: Photo Albums, Photobooks, \u0026 Zines,023871,DOCST,361S,0,0,0,0,0,0,0,0,0,0,0
Photography in the Americas: War, Tourism, Art, and Protest,010104,ARTHIST,433S,0,0,1,0,0,0,0,0,0,0,0
Photo Workshop,022451,DOCST,318S,0,0,0,0,0,0,0,0,0,0,0
Physical Chemistry I,002358,CHEM,310,0,0,0,0,1,0,0,0,0,0,0
Physical Chemistry II,002359,CHEM,311,0,0,0,0,1,0,0,0,0,0,0
Physical Chemistry II Laboratory,002361,CHEM,311L,0,0,0,0,0,0,0,0,0,0,1
Physical Chemistry I Laboratory,002360,CHEM,310L,0,0,0,0,0,0,0,0,0,0,1
Physical Chemistry Laboratory,002357,CHEM,301L,0,0,0,0,0,0,0,0,0,0,1
Physiological Genetics of Disease,023280,BIOLOGY,454S,0,0,0,0,0,0,0,0,1,0,0
Pilgrimage,023566,CULANTH,327S,0,0,1,0,0,0,0,0,0,0,0
Pilgrimage,023566,DOCST,327S,0,0,1,0,0,0,0,0,0,0,0
Plant Communities of North Carolina,016051,BIOLOGY,341L,0,0,0,0,1,0,0,0,0,0,0
Plant Diversity: A Field Approach,020059,BIOLOGY,344S,0,0,0,0,0,0,0,0,0,0,0
Plants and Human Use,001470,BIOLOGY,158,0,0,0,0,0,0,0,0,0,1,0
Plants and People,025033,BIOLOGY,347L,0,0,0,0,0,0,0,0,0,1,0
Plants of Duke Campus,021395,BIOLOGY,161,0,0,0,0,1,0,0,0,0,0,0
Plant Systematics and Evolution,001514,BIOLOGY,342L,0,0,0,0,0,0,0,0,0,1,0
Political Economies of the Global Image,021331,CULANTH,217S,0,0,1,0,0,0,0,0,0,0,0
Political, Social, and Cultural Context,002783,CLST,341A-2,0,0,1,0,0,0,0,0,0,0,0
Politics and Obligations of Memory,020049,CULANTH,403S,0,0,0,0,0,0,0,0,0,0,0
Population Genetics,012942,BIOLOGY,250,0,0,0,0,1,0,0,0,0,0,0
Practical Methods in Civil Engineering,016875,CEE,205,0,0,0,0,0,0,0,0,0,0,0
Primate Evolutionary Genetics,021772,BIOLOGY,310,0,0,0,0,0,0,0,0,1,0,0
Primate Sexuality,020458,BIOLOGY,321D,0,0,0,0,0,0,0,0,0,1,0
Principles of Animal Physiology,001521,BIOLOGY,329L,0,0,0,0,0,0,0,0,1,0,0
Principles of Animal Physiology,017112,BIOLOGY,329D,0,0,0,0,1,0,0,0,0,0,0
Principles of Archaeology,002759,CLST,144,0,0,1,0,0,0,0,0,0,0,0
Problem Solving Seminar,002618,COMPSCI,309S,0,0,0,0,0,1,0,0,0,0,0
Producing Docu-Fiction,020227,DOCST,278S,0,0,0,0,0,0,0,0,0,0,0
Public Policy Video,020829,DOCST,271S,0,0,0,0,0,0,0,0,0,0,0
Quantitative Physiology with Biostatistical Applications,021163,BME,244L,0,0,0,0,0,0,0,0,0,0,0
Race, Genomics, and Society,019367,BIOLOGY,261D,0,0,0,0,0,0,0,0,0,0,0
Race, Genomics, and Society,019367,CULANTH,261D,0,0,0,0,0,0,0,0,0,0,0
Race in Durham,021344,CULANTH,332S,0,0,0,0,0,0,0,0,0,0,0
Reconstructing Ancient Worlds,022171,ARTHIST,275LS,0,0,1,0,0,0,0,0,0,0,0
Reconstructing Ancient Worlds,022171,CLST,252LS,0,0,1,0,0,0,0,0,0,0,0
Recycled Cinema,025281,DOCST,375S,0,0,0,0,0,0,0,0,0,0,0
Refugee Lives: Violence, Culture and Identity,023313,DOCST,321S,0,0,0,0,0,0,0,0,0,0,0
Renaissance and Baroque Art History,000577,ARTHIST,255A,0,0,1,0,0,0,0,0,0,0,0
Renaissance Architecture: A European Perspective,023222,ARTHIST,254,0,0,0,1,0,0,0,0,0,0,0
Renaissance Architecture in Italy: Brunelleschi to Michelangelo,000585,ARTHIST,258,0,0,0,0,0,0,0,0,0,0,0
Renaissance Architecture in Italy: Brunelleschi to Michelangelo,020236,ARTHIST,258FS,0,0,0,1,0,0,0,0,0,0,0
Renaissance Cultures,006623,ARTHIST,152,0,0,1,0,0,0,0,0,0,0,0
Representations of Women in the Classical World,000546,ARTHIST,215S,0,0,1,0,0,0,0,0,0,0,0
Representations of Women in the Classical World,000546,CLST,243S,0,0,1,0,0,0,0,0,0,0,0
Representing the Artist in Film and Popular Culture,022769,ARTHIST,350,0,0,0,0,0,0,0,0,0,0,0
Representing Women in the Classical World,000546,ARTHIST,215S,0,0,1,0,0,0,0,0,0,0,0
Representing Women in the Classical World,000546,CLST,243,0,0,1,0,0,0,0,0,0,0,0
Research Independent Study,021101,CHILDPOL,393,0,0,0,0,0,0,0,0,1,0,0
Research Independent Study,021386,BIOLOGY,293A,0,0,0,0,0,0,0,0,1,0,0
Research Independent Study,022524,BIOCHEM,393,0,0,0,0,0,0,0,0,1,0,0
Research Independent Study,025021,ARTHIST,393,0,0,0,0,0,0,0,0,0,0,0
Research Independent Study,025022,ARTHIST,394,0,0,0,0,0,0,0,0,0,0,0
Research Independent Study in Civil and Environmental Engineering,013111,CEE,394,0,0,0,0,0,0,0,0,1,0,0
Research Independent Study in Civil and Environmental Engineering,013112,CEE,493,0,0,0,0,0,0,0,0,1,0,0
Research Independent Study in Civil and Environmental Engineering,013113,CEE,494,0,0,0,0,0,0,0,0,1,0,0
Research Independent Study in Civil and Environmental Engineering,023532,CEE,293,0,0,0,0,0,0,0,0,1,0,0
Research Independent Study in Civil and Environmental Engineering,023533,CEE,294,0,0,0,0,0,0,0,0,1,0,0
Research Independent Study in Civil and Environmental Engineering,023541,CEE,393,0,0,0,0,0,0,0,0,1,0,0
Research in Human Rights,022361,CULANTH,414S,0,0,1,0,0,0,0,0,0,0,0
Ritual, Performance, and Religion,023535,CULANTH,284,0,0,1,0,0,0,0,0,0,0,0
Roman Archaeology: Origins to Empire,023216,ARTHIST,246,0,0,1,0,0,0,0,0,0,0,0
Roman Archaeology: Origins to Empire,023216,CLST,246,0,0,1,0,0,0,0,0,0,0,0
Roman Civilization,002726,CLST,182S,0,0,1,0,0,0,0,0,0,0,0
Roman Coinage: The Materiality of an Ancient Economy,023208,ARTHIST,347,0,0,1,0,0,0,0,0,0,0,0
Roman Coinage: The Materiality of an Ancient Economy,023208,CLST,357,0,0,1,0,0,0,0,0,0,0,0
Roman History,002731,CLST,284,0,0,1,0,0,0,0,0,0,0,0
Roman Political Thought and Its Modern Legacy,024659,CLST,278,0,0,1,0,0,0,0,0,0,0,0
Roman Spectacle,000547,CLST,354,0,0,1,0,0,0,0,0,0,0,0
Russian Art and Politics: 1800-Present,009676,ARTHIST,287,0,0,1,0,0,0,0,0,0,0,0
Safety of Medical Devices (GE),001642,BME,255,0,0,0,0,0,0,0,0,0,0,0
School Dropout and Educational Policy,022164,CULANTH,251S,0,0,1,0,0,0,0,0,0,0,0
Science Fiction Film,006449,ARTHIST,238,0,0,1,0,0,0,0,0,0,0,0
Scientific Arguments: Writing an Undergraduate Thesis,019042,BIOLOGY,495,0,0,0,0,0,0,0,0,0,0,1
Selected Child Policy Research Topics,018255,CHILDPOL,290,0,0,0,0,0,0,0,0,0,0,0
Self-Knowledge and the Pursuit of Wisdom,025280,CLST,316S,0,0,1,0,0,0,0,0,0,0,0
Seminar in Biology,001547,BIOLOGY,290S,0,0,0,0,0,0,0,0,0,0,0
Senior Seminar Distinction Program Sequence,001960,CULANTH,498S,0,0,0,0,0,0,0,0,1,0,0
Senior Seminar Distinction Program Sequence,001961,CULANTH,499S,0,0,0,0,0,0,0,0,0,0,1
Sensory Physiology and Behavior of Marine Animals,013593,BIOLOGY,373LA,0,0,0,0,0,0,0,0,1,0,0
Sensory Signal Transduction,015265,BIOLOGY,412S,0,0,0,0,0,0,0,0,1,0,0
Sex/Gender - Nature/Nurture: Intersections of Biology and Society,022838,CULANTH,278,0,0,0,0,0,0,0,0,0,1,0
Shamanism and Spirit Possession,021035,CULANTH,214S,0,0,1,0,0,0,0,0,0,0,0
Signals and Systems,001649,BME,271,0,0,0,0,0,0,0,0,0,0,0
Signals and Systems,024781,BME,271A,0,0,0,0,0,0,0,0,0,0,0
Small Town USA: Local Collaborations,018247,DOCST,230S,0,0,1,0,0,0,0,0,0,0,0
Sociology through Photography,016077,DOCST,227S,0,0,0,0,0,0,0,0,0,0,0
Sound for Film and Video,004562,DOCST,277S,0,0,0,0,0,0,0,0,0,1,0
Sound in Social Life,021423,CULANTH,222S,0,0,1,0,0,0,0,0,0,0,0
Sound in Social Life,024805,CULANTH,222SA,0,0,1,0,0,0,0,0,0,0,0
Soviet Art after Stalin: 1956-1991,020168,ARTHIST,289S,0,0,1,0,0,0,0,0,0,0,0
Special Topics,020223,ARTHIST,490S,0,0,0,0,0,0,0,0,0,0,0
Special Topics,021753,CULANTH,490S,0,0,0,0,0,0,0,0,0,0,0
Special Topics,021777,DOCST,190S,0,0,0,0,0,0,0,0,0,0,0
Special Topics in Art History,016844,ARTHIST,390S,0,0,0,0,0,0,0,0,0,0,0
Special Topics in Art History,017188,ARTHIST,190S,0,0,0,0,0,0,0,0,0,0,0
Special Topics in Art History,021311,ARTHIST,390,0,0,0,0,0,0,0,0,0,0,0
Special Topics in Art History,021438,ARTHIST,290,0,0,0,0,0,0,0,0,0,0,0
Special Topics in Art History,023238,ARTHIST,290S,0,0,0,0,0,0,0,0,0,0,0
Special Topics in Art History and Digital Visualization,022017,ARTHIST,390SL,0,0,0,0,0,0,0,0,0,0,0
Special Topics in Biology,023349,BIOLOGY,190,0,0,0,0,0,0,0,0,0,0,0
Special Topics in Biomedical Engineering Design (DR),022072,BME,490L,0,0,0,0,0,0,0,0,0,0,0
Special Topics in Chemistry,016746,CHEM,190S,0,0,0,0,0,0,0,0,0,0,0
Special Topics In Chemistry,016776,CHEM,290S,0,0,0,0,0,0,0,0,0,0,0
Special Topics in Chemistry,018809,CHEM,190FS,0,0,0,0,0,0,0,0,0,0,0
Special Topics in Civil and Environmental Engineering,002123,CEE,190,0,0,0,0,0,0,0,0,0,0,0
Special Topics in Civil and Environmental Engineering,002124,CEE,490,0,0,0,0,0,0,0,0,0,0,0
Special Topics in Civil and Environmental Engineering,023506,CEE,290,0,0,0,0,0,0,0,0,0,0,0
Special Topics in Classical Studies,002796,CLST,290,0,0,0,0,0,0,0,0,0,0,0
Special Topics in Classical Studies,020001,CLST,490,0,0,0,0,0,0,0,0,0,0,0
Special Topics in Documentary Studies,014972,DOCST,290S,0,0,0,0,0,0,0,0,0,0,0
Special Topics in Documentary Studies,021081,DOCST,290,0,0,0,0,0,0,0,0,0,0,0
Special Topics in Documentary Studies,023982,DOCST,490,0,0,0,0,0,0,0,0,0,0,0
Special Topics in Documentary Studies: Study Abroad,024815,DOCST,290A,0,0,0,0,0,0,0,0,0,0,0
Special Topics in Focus,018299,CULANTH,190FS,0,0,0,0,0,0,0,0,0,0,0
Special Topics Seminar,001623,BIOLOGY,490S,0,0,0,0,0,0,0,0,0,0,0
Special Topics Seminar in BME,025016,BME,390S,0,0,0,0,0,0,0,0,0,0,0
Surviving Globalization: The Global South and the Development Imagination,024244,CULANTH,409,0,0,1,0,0,0,0,0,0,0,0
Symbiosis: From Organelles to Microbiomes,024350,BIOLOGY,346,0,0,0,0,0,0,0,0,1,0,0
Systems Biology: An Introduction for the Quantitative Sciences,018500,BIOLOGY,311,0,0,0,0,1,0,0,0,0,0,0
Technical and Social Analysis of Information and the Internet,014924,COMPSCI,342S,0,0,0,0,0,0,1,0,0,0,0
Techno-Orientalism: Asian/America, (Post)Human and Science Fiction,024757,CULANTH,438S,0,0,0,0,0,0,0,0,0,0,0
The Aegean Bronze Age,002786,ARTHIST,205,0,0,1,0,0,0,0,0,0,0,0
The Aegean Bronze Age,002786,CLST,352,0,0,1,0,0,0,0,0,0,0,0
The Anthropology of Race,012561,CULANTH,208,0,0,0,0,0,0,0,0,0,0,0
The Anthropology of Race,020772,CULANTH,208FS,0,0,1,0,0,0,0,0,0,0,0
The Art of Greece and Rome,000563,ARTHIST,210,0,0,1,0,0,0,0,0,0,0,0
The Art of Greece and Rome,000563,CLST,250,0,0,1,0,0,0,0,0,0,0,0
The Art of the Interview: Questions and Answers as a Tool of Journalistic Inquiry,023916,DOCST,364S,0,0,0,0,0,0,0,0,1,0,0
The Arts and Human Rights,020266,CULANTH,248,0,0,0,0,0,0,0,0,0,0,0
The Autobiographical Impulse in Photography,023564,DOCST,363S,0,0,0,0,0,0,1,0,0,0,0
The Black Atlantic,000608,ARTHIST,383,0,0,1,0,0,0,0,0,0,0,0
The Body in Art in Early Modern Europe: Power and Limits of Corporeal Representations,025000,ARTHIST,317,0,0,1,0,0,0,0,0,0,0,0
The Cell Cycle: Principles of Control,022142,BIOLOGY,419S,0,0,0,0,1,0,0,0,0,0,0
The Chemistry and Physics of Cooking,024635,CHEM,130L,0,0,0,0,1,0,0,0,0,0,0
The Connection between Human Rights, Memory and How Societies Create Memorials,024194,CULANTH,346S,0,0,0,0,0,0,0,0,0,0,0
The Contemporary Art Market,003297,ARTHIST,261,0,0,0,0,0,0,0,0,1,0,0
The Culture of Business and Economics in Chinese,024749,CHINESE,421SA,0,0,1,0,0,0,0,0,0,0,0
The Documentary Essay: Exploration, Research, and the Peripatetic Tradition in Documentary Writing,022841,DOCST,275S,0,0,0,0,0,0,0,0,1,0,0
The Documentary Experience: A Video Approach,008062,CULANTH,106S,0,0,0,0,0,0,0,0,1,0,0
The Documentary Experience: A Video Approach,008062,DOCST,105S,0,0,0,0,0,0,0,0,1,0,0
The Documentary Turn: Southern Culture,024102,DOCST,365S,0,0,0,0,0,0,1,0,0,0,0
The Dynamic Oceans,001465,BIOLOGY,157,0,0,0,0,0,0,0,0,0,1,0
The Ecology of Human Health,023578,BIOLOGY,209-1,0,0,0,0,0,0,0,0,0,1,0
The Global Caribbean,024698,CULANTH,450S,0,0,1,0,0,0,0,0,0,0,0
The Historical Jesus,009235,CLST,322,0,0,1,0,0,0,0,0,0,0,0
The History of Hip-Hop,022531,CULANTH,335,0,0,1,0,0,0,0,0,0,0,0
The History of the Book,023681,CLST,360,0,0,0,0,0,0,0,0,1,0,0
The Languages of Art,019809,ARTHIST,185FS,0,0,1,0,0,0,0,0,0,0,0
Themes in Chinese Culture and History,001935,CULANTH,343A,0,0,1,0,0,0,0,0,0,0,0
The Middle East: From Facebook to Film,001955,CULANTH,417S,0,0,1,0,0,0,0,0,0,0,0
The Middle East Through Film,023843,CULANTH,273,0,0,1,0,0,0,0,0,0,0,0
The Middle East Through Film,023843,DOCST,274,0,0,1,0,0,0,0,0,0,0,0
The Modern Caribbean after Emancipation,021059,CULANTH,322,0,0,1,0,0,0,0,0,0,0,0
The Museum Object: Art and Artifact on Display,024143,ARTHIST,221S,0,0,0,1,0,0,0,0,0,0,0
The New Middle East,022461,CULANTH,433,0,0,1,0,0,0,0,0,0,0,0
Theoretical Foundations of Cultural Anthropology,001954,CULANTH,301,0,0,1,0,0,0,0,0,0,0,0
Theory Today: Introduction to the Study of Literature,020179,CULANTH,303S,0,0,0,0,0,0,0,0,0,0,0
The Photobook: History \u0026 Practice,020128,DOCST,196FS,0,0,0,0,0,0,0,0,0,0,0
The Photographic Portfolio,018222,DOCST,222S,0,0,0,0,0,0,0,0,0,0,0
The Political History of Modern Architecture: From Revolution through Neoliberalism,025018,ARTHIST,284,0,0,1,0,0,0,0,0,0,0,0
The Politics of Salsa: Music, Urban Spaces and Globalization,025215,CULANTH,348A,0,0,1,0,0,0,0,0,0,0,0
The Short Audio Documentary,017152,DOCST,310S,0,0,0,0,0,0,0,0,1,0,0
The South in Black and White,017885,DOCST,326,0,0,0,0,0,0,0,0,0,0,0
The University as a Culture: A Survivor's Guide,024418,CULANTH,347S,0,0,0,0,0,0,0,0,0,0,0
The Wire,020750,CULANTH,333S,0,0,1,0,0,0,0,0,0,0,0
Topics in Art History,018085,ARTHIST,190FS,0,0,0,0,0,0,0,0,0,0,0
Topics in Biology,017256,BIOLOGY,290,0,0,0,0,0,0,0,0,0,0,0
Topics in Computer Science,002634,COMPSCI,290,0,0,0,0,0,0,0,0,0,0,0
Topics in Computer Science,014925,COMPSCI,290S,0,0,0,0,0,0,0,0,0,0,0
Topics in Computer Science,017545,COMPSCI,190S,0,0,0,0,0,0,0,0,0,0,0
Topics in Contemporary Art,014950,ARTHIST,490-3,0,0,0,0,0,0,0,0,0,0,0
Topics in Cultural Anthropology,023825,CULANTH,190S,0,0,0,0,0,0,0,0,0,0,0
Topics in Italian Art and Architecture,000570,ARTHIST,290A-1,0,0,0,0,0,0,0,0,0,0,0
Topics in Medieval Art and Architecture,000569,ARTHIST,290-1,0,0,0,0,0,0,0,0,0,0,0
Topics in Modern Biology,017076,BIOLOGY,190S,0,0,0,0,0,0,0,0,0,0,0
Topics in Renaissance Art,000573,ARTHIST,390-1,0,0,0,0,0,0,0,0,0,0,0
Topics in Twentieth-Century Art (TOP),014949,ARTHIST,490-2,0,0,0,0,0,0,0,0,0,0,0
Topological Data Analysis,021375,COMPSCI,434,0,0,0,0,0,0,0,0,0,0,0
Traditions in Documentary Studies,014970,DOCST,101,0,0,1,0,0,0,0,0,0,0,0
Transnational Muslims in Germany: Politics of Migration, Religion, and Culture,025261,CULANTH,382SA,0,0,1,0,0,0,0,0,0,0,0
Transportation Engineering,002104,CEE,316,0,0,0,0,0,0,0,0,0,0,0
Transport Phenomena in Biological Systems (AC or GE, BB),001666,BME,307,0,0,0,0,0,0,0,0,0,0,0
Transport Phenomena in Biological Systems (AC or GE, BB),001666,CEE,307,0,0,0,0,0,0,0,0,0,0,0
Troubling Pasts: Slavery, Genocide, and Terror,022157,CULANTH,344,0,0,1,0,0,0,0,0,0,0,0
Tutorial,001545,BIOLOGY,490T,0,0,0,0,0,0,0,0,0,0,0
Tutorial,023990,BIOLOGY,290T,0,0,0,0,0,0,0,0,0,0,0
Tutorial (Topics),021449,BIOLOGY,490TA-1,0,0,0,0,0,0,0,0,0,0,0
Tutorial (Topics),021453,BIOLOGY,490TA,0,0,0,0,0,0,0,0,0,0,0
Two Koreas: History, Society and Culture,017073,CULANTH,473,0,0,1,0,0,0,0,0,0,0,0
Uncertainty Design and Optimization,002114,CEE,201L,0,0,0,0,0,0,0,0,0,0,0
Unraveling Paradise: Examining the Mythical Ideal Through Art and Documentary of the Caribbean,025058,DOCST,336S,0,0,1,0,0,0,0,0,0,0,0
Veterans Oral History Project,021903,DOCST,317S,0,0,0,0,0,0,0,0,0,0,0
Video Journalism,012996,DOCST,367S,0,0,0,0,0,0,0,0,0,0,0
Virtual Museums: Theories and Methods of 21st-Century Museums,022830,ARTHIST,305L,0,0,0,0,0,0,0,0,1,0,0
Virtual Museums: Theories and Methods of 21st-Century Museums,022830,CLST,240L,0,0,0,0,0,0,0,0,1,0,0
Visiting Filmmaker Master Course: Special Topics,020788,DOCST,285,0,0,0,0,0,0,0,0,0,0,0
Visiting Filmmaker Master Courses: Special Topics,018106,DOCST,285S,0,0,0,1,0,0,0,0,0,0,0
Visualizing the Caribbean,022532,CULANTH,368,0,0,1,0,0,0,0,0,0,0,0
Visual Processing,020485,BIOLOGY,426S,0,0,0,0,1,0,0,0,0,0,0
Visual Research and the American Dream,017089,DOCST,221S,0,0,0,0,0,0,0,0,1,0,0
War and Public Health in Africa,023220,CULANTH,312,0,0,0,0,0,0,0,0,0,0,0
Water Resources Engineering,002109,CEE,463L,0,0,0,0,0,0,0,0,0,0,0
Web Design and Narrative: Artists, Documentarians, Art Historians, and Entrepreneurs,023531,DOCST,354S,0,0,0,0,0,0,0,0,1,0,0
White People: In Anthropological Perspective,024156,CULANTH,305S,0,0,0,0,0,0,0,0,0,0,0
Who Cares and Why: Social Activism and its Motivations,015530,CULANTH,239S,0,0,0,0,0,0,0,0,0,0,0
Who Cares and Why: Social Activism and its Motivations,015530,DOCST,335S,0,0,0,0,0,0,0,0,0,0,0
World Music: Aesthetic and Anthropological Approaches,007099,CULANTH,131,0,0,0,0,0,0,0,0,0,0,0
World War I and the History of Art \u0026 Architecture: Germany and Beyond,025273,ARTHIST,460S,0,0,1,0,0,0,0,0,0,0,0
Writing American Politics,024716,DOCST,276S,0,0,0,0,0,0,1,0,0,0,0
