1863664,Muhammad Habib
1863664,Muhammad Habib
2232234,Sherif Shabaka
2293243,Abdelrazzaq Ben Tarif
1964672,Amal Boumaaza
2418430,Cheikh Saadbouh Cheikh Abdi Vall
2048012,Maha Houssami
1863664,Muhammad Habib
1863664,Muhammad Habib
2293243,Abdelrazzaq Ben Tarif
2293243,Abdelrazzaq Ben Tarif
2293243,Abdelrazzaq Ben Tarif
1863664,Muhammad Habib
1863664,Muhammad Habib
2293243,Abdelrazzaq Ben Tarif
1629870,Mbaye B Lo
1629870,Mbaye B Lo
1629870,Mbaye B Lo
1629870,Mbaye B Lo
0227324,Azeddine Chergui
0227324,Azeddine Chergui
2048012,Maha Houssami
2048012,Maha Houssami
2048012,Maha Houssami
2048012,Maha Houssami
2048012,Maha Houssami
2048012,Maha Houssami
2048012,Maha Houssami
2048012,Maha Houssami
2048012,Maha Houssami
2048012,Maha Houssami
2048012,Maha Houssami
2048012,Maha Houssami
2048012,Maha Houssami
1964672,Amal Boumaaza
1107666,Ellen McLarney
1107666,Ellen McLarney
1863664,Muhammad Habib
0399180,Departmental Staff
2048012,Maha Houssami
0399180,Departmental Staff
2048012,Maha Houssami
0227324,Azeddine Chergui
2293243,Abdelrazzaq Ben Tarif
0399180,Departmental Staff
1629870,Mbaye B Lo
0399180,Departmental Staff
2293243,Abdelrazzaq Ben Tarif
0399180,Departmental Staff
0399180,Departmental Staff
0399180,Departmental Staff
0399180,Departmental Staff
2048012,Maha Houssami
2048012,Maha Houssami
2048012,Maha Houssami
2048012,Maha Houssami
2048012,Maha Houssami
2048012,Maha Houssami
2048012,Maha Houssami
2048012,Maha Houssami
2048012,Maha Houssami
2232234,Sherif Shabaka
2048012,Maha Houssami
2048012,Maha Houssami
2048012,Maha Houssami
2048012,Maha Houssami
0227255,Caroline Bruzelius
1856129,Sara Galletti
0227255,Caroline Bruzelius
1836586,Camila S Maroja
1725324,Jasmina Tumbas
0330344,Hans J Van Miegroet
1706343,Alexis M Clark
0631938,Alexandra Dodson
0330344,Hans J Van Miegroet
2002346,Emilie Anne-Yvonne Luse
1939556,Laura Moure Cecchini
0398988,Robert Mark Antliff
2012651,Kathryn Julia Victoria Desplanque
1836586,Camila S Maroja
1725324,Jasmina Tumbas
0330344,Hans J Van Miegroet
1706343,Alexis M Clark
0631938,Alexandra Dodson
0330344,Hans J Van Miegroet
2002346,Emilie Anne-Yvonne Luse
1939556,Laura Moure Cecchini
0398988,Robert Mark Antliff
2012651,Kathryn Julia Victoria Desplanque
0388208,Sheila Dillon
1442966,Matthew Woodworth
1097194,Neil F McWilliam
1097194,Neil F McWilliam
1694355,Pamela J Kachurin
1694355,Pamela J Kachurin
1694355,Pamela J Kachurin
1466308,Kristin L Huffman
1466308,Kristin L Huffman
1442966,Matthew Woodworth
2361290,Edward Triplett
2005797,Owen Richardson
2361290,Edward Triplett
2504511,Nevio Danelon
0228836,Helen Solterer
0228836,Helen Solterer
1039456,Carla M Antonaccio
2009786,Timothy David Shea
1039456,Carla M Antonaccio
1039456,Carla M Antonaccio
1039456,Carla M Antonaccio
2429196,Kyle A Jazwa
1039456,Carla M Antonaccio
2009786,Timothy David Shea
2429196,Kyle A Jazwa
0388208,Sheila Dillon
0388208,Sheila Dillon
0388208,Sheila Dillon
1828279,Elizabeth P. Baltes
1871365,Lindsey A Mazurek
0388208,Sheila Dillon
0388208,Sheila Dillon
0388208,Sheila Dillon
0388208,Sheila Dillon
0228724,Sarah Schroth
1883739,Julia K McHugh
0228724,Sarah Schroth
1883739,Julia K McHugh
0330344,Hans J Van Miegroet
0330344,Hans J Van Miegroet
0330344,Hans J Van Miegroet
0330344,Hans J Van Miegroet
0330344,Hans J Van Miegroet
0330344,Hans J Van Miegroet
0330344,Hans J Van Miegroet
0330344,Hans J Van Miegroet
0330344,Hans J Van Miegroet
0398987,Gennifer Weisenfeld
0398987,Gennifer Weisenfeld
2008222,Magdalena P Kolodziej
0399939,Priscilla Wald
2187995,Claire Elise Ravenscroft
2232125,Alicia Jimenez
2116697,Maurizio Forte
1856129,Sara Galletti
1466308,Kristin L Huffman
1466308,Kristin L Huffman
1856129,Sara Galletti
1856129,Sara Galletti
1466308,Kristin L Huffman
1466308,Kristin L Huffman
0227454,Neil De Marchi
0227454,Neil De Marchi
0227454,Neil De Marchi
0330344,Hans J Van Miegroet
0330344,Hans J Van Miegroet
0330344,Hans J Van Miegroet
0330344,Hans J Van Miegroet
1097194,Neil F McWilliam
1097194,Neil F McWilliam
0399021,Patricia Leighten
0398988,Robert Mark Antliff
1939556,Laura Moure Cecchini
2002346,Emilie Anne-Yvonne Luse
0398988,Robert Mark Antliff
0228535,Richard J Powell
0228535,Richard J Powell
0689669,Shahrazad Aliyah Shareef
0228535,Richard J Powell
0228535,Richard J Powell
0229092,Annabel Wharton
0229092,Annabel Wharton
0229092,Annabel Wharton
1694355,Pamela J Kachurin
1694355,Pamela J Kachurin
1694355,Pamela J Kachurin
1694355,Pamela J Kachurin
1694355,Pamela J Kachurin
1725460,Kency Cornejo
0395806,Marianne E Wardle
2179772,Youngsun Jin
2232125,Alicia Jimenez
0742667,Esther L Gabara
2012651,Kathryn Julia Victoria Desplanque
1466308,Kristin L Huffman
0742667,Esther L Gabara
1442966,Matthew Woodworth
2012651,Kathryn Julia Victoria Desplanque
1706343,Alexis M Clark
1615324,William Donahue
1615324,William Donahue
0399180,Departmental Staff
0399180,Departmental Staff
0940441,Jochen Wohlfeil
0399180,Departmental Staff
0399180,Departmental Staff
0398988,Robert Mark Antliff
0398988,Robert Mark Antliff
0398988,Robert Mark Antliff
0399021,Patricia Leighten
0399021,Patricia Leighten
1939556,Laura Moure Cecchini
2069679,Ivana Bago
2116697,Maurizio Forte
2116697,Maurizio Forte
2116697,Maurizio Forte
0395806,Marianne E Wardle
0395806,Marianne E Wardle
0395806,Marianne E Wardle
0395806,Marianne E Wardle
0395806,Marianne E Wardle
0395806,Marianne E Wardle
0395806,Marianne E Wardle
0395806,Marianne E Wardle
0395806,Marianne E Wardle
0395806,Marianne E Wardle
0395806,Marianne E Wardle
2444461,Ellen C Raimond
2444461,Ellen C Raimond
2444461,Ellen C Raimond
0395806,Marianne E Wardle
0395806,Marianne E Wardle
0395806,Marianne E Wardle
0395806,Marianne E Wardle
0395806,Marianne E Wardle
0395806,Marianne E Wardle
0395806,Marianne E Wardle
0395806,Marianne E Wardle
0395806,Marianne E Wardle
2444461,Ellen C Raimond
2444461,Ellen C Raimond
2444461,Ellen C Raimond
2361290,Edward Triplett
2361290,Edward Triplett
2429145,Susanna Caviglia
2429145,Susanna Caviglia
1871365,Lindsey A Mazurek
1828279,Elizabeth P. Baltes
0228877,Kristine Stiles
0228877,Kristine Stiles
0228535,Richard J Powell
0228535,Richard J Powell
0583633,Mora Beauchamp-Byrd
0228577,Ann Marie Rasmussen
0228577,Ann Marie Rasmussen
2129533,Patricia Barclay Bass
0742667,Esther L Gabara
0227255,Caroline Bruzelius
1856129,Sara Galletti
1863588,Mark Hansen
2009005,Iara Alejandra Dundas
2428973,Natalia De La Rosa De La Rosa
0399180,Departmental Staff
2361133,Marshall N Price
0399180,Departmental Staff
0399180,Departmental Staff
0399180,Departmental Staff
1097194,Neil F McWilliam
0399180,Departmental Staff
0399180,Departmental Staff
0398988,Robert Mark Antliff
2429144,Paul B Jaskot
0398987,Gennifer Weisenfeld
2008222,Magdalena P Kolodziej
1863588,Mark Hansen
1694355,Pamela J Kachurin
0742667,Esther L Gabara
0229092,Annabel Wharton
1856129,Sara Galletti
0228877,Kristine Stiles
0399180,Departmental Staff
0399180,Departmental Staff
0399180,Departmental Staff
0399180,Departmental Staff
0228849,Leonard D Spicer
0388330,Margarethe Kuehn
0388330,Margarethe Kuehn
0388330,Margarethe Kuehn
2230367,Hashim M. Al-Hashimi
0388330,Margarethe Kuehn
2230367,Hashim M. Al-Hashimi
1518736,Anne D Yoder
1518736,Anne D Yoder
0760178,Francois M Lutzoni
0760178,Francois M Lutzoni
1975932,Jennifer J Wernegreen
0760178,Francois M Lutzoni
1975932,Jennifer J Wernegreen
0760178,Francois M Lutzoni
0408395,Chantal D Reid
0408395,Chantal D Reid
0399302,Sherryl A Broverman
0399302,Sherryl A Broverman
0399302,Sherryl A Broverman
0399302,Sherryl A Broverman
0399302,Sherryl A Broverman
0399302,Sherryl A Broverman
0399302,Sherryl A Broverman
1584259,Apurva Chandrakant Dave
1584259,Apurva Chandrakant Dave
1786730,Alexander Glass
0227131,Paul A Baker
1786730,Alexander Glass
1786730,Alexander Glass
1786730,Alexander Glass
1786730,Alexander Glass
1786730,Alexander Glass
1786730,Alexander Glass
1786730,Alexander Glass
1786730,Alexander Glass
1786730,Alexander Glass
0760195,Kathleen Pryer
0760195,Kathleen Pryer
0760195,Kathleen Pryer
0760195,Kathleen Pryer
0760195,Kathleen Pryer
0760195,Kathleen Pryer
0760195,Kathleen Pryer
0399302,Sherryl A Broverman
0399302,Sherryl A Broverman
0399302,Sherryl A Broverman
0399302,Sherryl A Broverman
1875344,Nicholas C Brandley
2063960,Lindsay Leverett
0228285,Daniel W McShea
2349374,Chunmiao Feng
0040620,Christopher F Shreve
0399302,Sherryl A Broverman
0399302,Sherryl A Broverman
1415919,Tanya M Duncan
1415919,Tanya M Duncan
1415919,Tanya M Duncan
0801365,Alison Hill
0801365,Alison Hill
0399370,Gregory A Wray
0801365,Alison Hill
0228250,David R McClay
1923253,Nicolas Buchler
0801365,Alison Hill
1038842,Steve Haase
1923253,Nicolas Buchler
0801365,Alison Hill
0228781,James N Siedow
1923253,Nicolas Buchler
1038842,Steve Haase
1923253,Nicolas Buchler
0801365,Alison Hill
1923253,Nicolas Buchler
1919476,Amy K Schmid
2348220,Lillian Merriam Zwemer
0801365,Alison Hill
2435311,Gustavo Monteiro Silva
0801365,Alison Hill
0801365,Alison Hill
0399370,Gregory A Wray
0801365,Alison Hill
0228250,David R McClay
1923253,Nicolas Buchler
0801365,Alison Hill
1038842,Steve Haase
1923253,Nicolas Buchler
0801365,Alison Hill
0228781,James N Siedow
1923253,Nicolas Buchler
1038842,Steve Haase
1923253,Nicolas Buchler
0801365,Alison Hill
1923253,Nicolas Buchler
1919476,Amy K Schmid
2348220,Lillian Merriam Zwemer
0801365,Alison Hill
2435311,Gustavo Monteiro Silva
1850276,Thomas F Schultz
1850276,Thomas F Schultz
1850276,Thomas F Schultz
1850276,Thomas F Schultz
1850276,Thomas F Schultz
1850276,Thomas F Schultz
1850276,Thomas F Schultz
1850276,Thomas F Schultz
1850276,Thomas F Schultz
1850276,Thomas F Schultz
1850276,Thomas F Schultz
1850276,Thomas F Schultz
1850276,Thomas F Schultz
1850276,Thomas F Schultz
1850276,Thomas F Schultz
1850276,Thomas F Schultz
1850276,Thomas F Schultz
1850276,Thomas F Schultz
1850276,Thomas F Schultz
1850276,Thomas F Schultz
0228359,Alexander Motten
0174655,John H Willis
1452705,Mohamed A Noor
0228359,Alexander Motten
0174655,John H Willis
1452705,Mohamed A Noor
0228359,Alexander Motten
0174655,John H Willis
1452705,Mohamed A Noor
0228359,Alexander Motten
0174655,John H Willis
1452705,Mohamed A Noor
0228359,Alexander Motten
0516146,Amy Bejsovec
0174655,John H Willis
0228581,Mark D Rausher
0174655,John H Willis
0228581,Mark D Rausher
0174655,John H Willis
0228359,Alexander Motten
0174655,John H Willis
1452705,Mohamed A Noor
0228359,Alexander Motten
0174655,John H Willis
1452705,Mohamed A Noor
0228359,Alexander Motten
0174655,John H Willis
1452705,Mohamed A Noor
0228359,Alexander Motten
0174655,John H Willis
1452705,Mohamed A Noor
0228359,Alexander Motten
0516146,Amy Bejsovec
0174655,John H Willis
0228581,Mark D Rausher
0174655,John H Willis
0228581,Mark D Rausher
0174655,John H Willis
1850276,Thomas F Schultz
1850276,Thomas F Schultz
1850276,Thomas F Schultz
1850276,Thomas F Schultz
1850276,Thomas F Schultz
0396986,David W Johnston
0396986,David W Johnston
0396986,David W Johnston
0396986,David W Johnston
2039611,Andre M Boustany
1244259,Meagan Dunphy-Daly
1244259,Meagan Dunphy-Daly
0228359,Alexander Motten
0228359,Alexander Motten
0228359,Alexander Motten
0228359,Alexander Motten
0227428,Clifford Cunningham
0227428,Clifford Cunningham
0227428,Clifford Cunningham
0227428,Clifford Cunningham
0227428,Clifford Cunningham
0227428,Clifford Cunningham
0227428,Clifford Cunningham
0228351,William F Morris
0917774,Julie A Reynolds
0917774,Julie A Reynolds
1367397,Justin Wright
1349615,Emily S Bernhardt
0408395,Chantal D Reid
1349615,Emily S Bernhardt
1367397,Justin Wright
1367397,Justin Wright
1349615,Emily S Bernhardt
0229017,Rytas J Vilgalys
0227494,Xinnian Dong
1919476,Amy K Schmid
0760178,Francois M Lutzoni
1919476,Amy K Schmid
0227494,Xinnian Dong
1919476,Amy K Schmid
0227494,Xinnian Dong
1919476,Amy K Schmid
0227494,Xinnian Dong
0760178,Francois M Lutzoni
0227494,Xinnian Dong
1919476,Amy K Schmid
0227494,Xinnian Dong
0516150,Zhen-Ming Pei
1825210,Meng Chen
1825210,Meng Chen
0516150,Zhen-Ming Pei
0516150,Zhen-Ming Pei
0516150,Zhen-Ming Pei
1038842,Steve Haase
1038842,Steve Haase
1038842,Steve Haase
1038842,Steve Haase
1038842,Steve Haase
1038842,Steve Haase
1038842,Steve Haase
1038842,Steve Haase
1452707,David R Sherwood
1905431,L. Ryan Baugh
1825210,Meng Chen
1905431,L. Ryan Baugh
1825210,Meng Chen
1905431,L. Ryan Baugh
1452707,David R Sherwood
1905431,L. Ryan Baugh
1452707,David R Sherwood
1905431,L. Ryan Baugh
0228250,David R McClay
0228250,David R McClay
0228250,David R McClay
0228250,David R McClay
0228250,David R McClay
0228250,David R McClay
1525035,Nina T Sherwood
1525035,Nina T Sherwood
1525035,Nina T Sherwood
2115763,Thomas Newpher
1525035,Nina T Sherwood
2115763,Thomas Newpher
1525035,Nina T Sherwood
2115763,Thomas Newpher
2287435,Jill Wentzell
1525035,Nina T Sherwood
2115763,Thomas Newpher
1525035,Nina T Sherwood
0228289,Warren H Meck
0228289,Warren H Meck
1786315,Staci D Bilbo
0228289,Warren H Meck
0228289,Warren H Meck
0228289,Warren H Meck
2115763,Thomas Newpher
2115763,Thomas Newpher
2115763,Thomas Newpher
0228289,Warren H Meck
0228289,Warren H Meck
1786315,Staci D Bilbo
0228289,Warren H Meck
0228289,Warren H Meck
0228289,Warren H Meck
2115763,Thomas Newpher
2115763,Thomas Newpher
2115763,Thomas Newpher
0408395,Chantal D Reid
0408395,Chantal D Reid
0408395,Chantal D Reid
0228285,Daniel W McShea
0228285,Daniel W McShea
0330306,Marcy K Uyenoyama
0330306,Marcy K Uyenoyama
0330306,Marcy K Uyenoyama
0330306,Marcy K Uyenoyama
0330306,Marcy K Uyenoyama
0227233,Robert N Brandon
0228285,Daniel W McShea
0227233,Robert N Brandon
0227233,Robert N Brandon
0228285,Daniel W McShea
0227233,Robert N Brandon
0227233,Robert N Brandon
1907307,Charmaine D Royal
1907307,Charmaine D Royal
1907307,Charmaine D Royal
1907307,Charmaine D Royal
1907307,Charmaine D Royal
0408580,William Wilson
0408580,William Wilson
0408580,William Wilson
0408580,William Wilson
0408580,William Wilson
0408580,William Wilson
1865331,Kathleen Donohue
1865331,Kathleen Donohue
1865331,Kathleen Donohue
1865331,Kathleen Donohue
1865331,Kathleen Donohue
1865331,Kathleen Donohue
1865331,Kathleen Donohue
1865331,Kathleen Donohue
0388334,Susan C Alberts
0388334,Susan C Alberts
0388334,Susan C Alberts
0388334,Susan C Alberts
0388334,Susan C Alberts
0388334,Susan C Alberts
0714270,Douglas P Nowacek
0714270,Douglas P Nowacek
0714270,Douglas P Nowacek
0714270,Douglas P Nowacek
2293799,Grant Murray
0388349,Zackary I Johnson
0388349,Zackary I Johnson
1784827,Michael B Kingston
0521603,Maria L Wise
1784827,Michael B Kingston
0714270,Douglas P Nowacek
1784827,Michael B Kingston
2169082,Brian Reed Silliman
2169082,Brian Reed Silliman
1784827,Michael B Kingston
2169082,Brian Reed Silliman
2169082,Brian Reed Silliman
1784827,Michael B Kingston
1620287,Joseph P Morton
2169082,Brian Reed Silliman
1784827,Michael B Kingston
2169082,Brian Reed Silliman
2169082,Brian Reed Silliman
1784827,Michael B Kingston
2169082,Brian Reed Silliman
2169082,Brian Reed Silliman
0228635,Daniel Rittschof
0228635,Daniel Rittschof
0228635,Daniel Rittschof
0228635,Daniel Rittschof
0227609,Richard B Forward
0521603,Maria L Wise
0227609,Richard B Forward
0521603,Maria L Wise
0227609,Richard B Forward
0521603,Maria L Wise
0521603,Maria L Wise
0521603,Maria L Wise
0521603,Maria L Wise
0521603,Maria L Wise
0521549,Joshua Osterberg
0521549,Joshua Osterberg
0521549,Joshua Osterberg
0228285,Daniel W McShea
2008359,Ashley Troth
0228635,Daniel Rittschof
0228635,Daniel Rittschof
0228635,Daniel Rittschof
0388349,Zackary I Johnson
0228635,Daniel Rittschof
0228635,Daniel Rittschof
0228635,Daniel Rittschof
1732499,Cindy L Van Dover
1732499,Cindy L Van Dover
1732499,Cindy L Van Dover
0228635,Daniel Rittschof
0228585,Andrew J Read
0396986,David W Johnston
0388349,Zackary I Johnson
0228635,Daniel Rittschof
0228585,Andrew J Read
0228585,Andrew J Read
0388349,Zackary I Johnson
0228585,Andrew J Read
0228585,Andrew J Read
0388349,Zackary I Johnson
0388349,Zackary I Johnson
2169082,Brian Reed Silliman
0228635,Daniel Rittschof
0228585,Andrew J Read
0388349,Zackary I Johnson
1968988,Allen Rodrigo
1968988,Allen Rodrigo
1968988,Allen Rodrigo
1349616,Paul Magwene
1349616,Paul Magwene
1349616,Paul Magwene
1452701,Storrs T Mitchell-Olds
1349616,Paul Magwene
1452701,Storrs T Mitchell-Olds
0050338,Jenny Tung
0050338,Jenny Tung
0050338,Jenny Tung
0050338,Jenny Tung
1349616,Paul Magwene
1349616,Paul Magwene
1349616,Paul Magwene
1349616,Paul Magwene
1975480,Dana E Hunt
1975480,Dana E Hunt
1975480,Dana E Hunt
1975480,Dana E Hunt
0399031,Christine Drea
0399031,Christine Drea
0399031,Christine Drea
0399031,Christine Drea
0399031,Christine Drea
0399031,Christine Drea
1968987,Vikas Bhandawat
1968987,Vikas Bhandawat
0227737,Ron Grunwald
0227737,Ron Grunwald
0227737,Ron Grunwald
0227737,Ron Grunwald
0227737,Ron Grunwald
0389036,Sheila N. Patek
0227737,Ron Grunwald
0227737,Ron Grunwald
0227737,Ron Grunwald
0227737,Ron Grunwald
0227737,Ron Grunwald
0227737,Ron Grunwald
0227737,Ron Grunwald
0389036,Sheila N. Patek
0227737,Ron Grunwald
0227737,Ron Grunwald
1728448,Jennifer M Carbrey
0389036,Sheila N. Patek
0389036,Sheila N. Patek
2044868,Anna Coppola
0389036,Sheila N. Patek
0389036,Sheila N. Patek
0228820,Kathleen K Smith
0228820,Kathleen K Smith
0228820,Kathleen K Smith
0228820,Kathleen K Smith
0228820,Kathleen K Smith
0228820,Kathleen K Smith
0396986,David W Johnston
0396986,David W Johnston
0228211,Paul S Manos
0228211,Paul S Manos
0228211,Paul S Manos
0760195,Kathleen Pryer
0760195,Kathleen Pryer
0760195,Kathleen Pryer
0403066,A. (Jonathan) Shaw
0403066,A. (Jonathan) Shaw
0403066,A. (Jonathan) Shaw
0403066,A. (Jonathan) Shaw
0403066,A. (Jonathan) Shaw
0403066,A. (Jonathan) Shaw
0403066,A. (Jonathan) Shaw
0760178,Francois M Lutzoni
0760178,Francois M Lutzoni
0760195,Kathleen Pryer
0760195,Kathleen Pryer
0227737,Ron Grunwald
0227737,Ron Grunwald
0228296,John Michael Mercer
1452701,Storrs T Mitchell-Olds
1452701,Storrs T Mitchell-Olds
0228296,John Michael Mercer
1452701,Storrs T Mitchell-Olds
1452701,Storrs T Mitchell-Olds
1367397,Justin Wright
1367397,Justin Wright
1367397,Justin Wright
1349615,Emily S Bernhardt
0228296,John Michael Mercer
2044669,Yuriy V Bomze
0762904,Sonke Johnsen
0762904,Sonke Johnsen
0762904,Sonke Johnsen
1763048,Katharina V Koelle
1732499,Cindy L Van Dover
1732499,Cindy L Van Dover
0388349,Zackary I Johnson
0388349,Zackary I Johnson
0388349,Zackary I Johnson
0388349,Zackary I Johnson
0388349,Zackary I Johnson
0388349,Zackary I Johnson
0388349,Zackary I Johnson
0228635,Daniel Rittschof
0228635,Daniel Rittschof
0228635,Daniel Rittschof
0228635,Daniel Rittschof
0228635,Daniel Rittschof
0228635,Daniel Rittschof
0228635,Daniel Rittschof
1038855,Wendy Erin P Piniak
1383425,Matthew H Godfrey
1383425,Matthew H Godfrey
1383425,Matthew H Godfrey
1383425,Matthew H Godfrey
1383425,Matthew H Godfrey
1383425,Matthew H Godfrey
1383425,Matthew H Godfrey
1383425,Matthew H Godfrey
1038855,Wendy Erin P Piniak
1383425,Matthew H Godfrey
1383425,Matthew H Godfrey
0228585,Andrew J Read
0228585,Andrew J Read
0228585,Andrew J Read
0228585,Andrew J Read
0228585,Andrew J Read
0228585,Andrew J Read
0228585,Andrew J Read
0228006,William Kirby-Smith
0228006,William Kirby-Smith
0228006,William Kirby-Smith
0228006,William Kirby-Smith
1732499,Cindy L Van Dover
0521603,Maria L Wise
1732499,Cindy L Van Dover
0521603,Maria L Wise
1732499,Cindy L Van Dover
2169082,Brian Reed Silliman
0521549,Joshua Osterberg
2169082,Brian Reed Silliman
1732499,Cindy L Van Dover
2169082,Brian Reed Silliman
1732499,Cindy L Van Dover
1773930,Craig D Roberts
1773930,Craig D Roberts
1773930,Craig D Roberts
1773930,Craig D Roberts
1773930,Craig D Roberts
1773930,Craig D Roberts
1917297,Pelin Cayirlioglu Volkan
1917297,Pelin Cayirlioglu Volkan
1452701,Storrs T Mitchell-Olds
1525035,Nina T Sherwood
0399180,Departmental Staff
0760195,Kathleen Pryer
0399180,Departmental Staff
0399180,Departmental Staff
0399180,Departmental Staff
0399180,Departmental Staff
0228635,Daniel Rittschof
0399180,Departmental Staff
0399180,Departmental Staff
0516150,Zhen-Ming Pei
0516150,Zhen-Ming Pei
0516150,Zhen-Ming Pei
0516150,Zhen-Ming Pei
0516150,Zhen-Ming Pei
1694347,Eric P Spana
1694347,Eric P Spana
1694347,Eric P Spana
1694347,Eric P Spana
1694347,Eric P Spana
1694347,Eric P Spana
1694347,Eric P Spana
1694347,Eric P Spana
1694347,Eric P Spana
1694347,Eric P Spana
1694347,Eric P Spana
1452707,David R Sherwood
1452707,David R Sherwood
1452707,David R Sherwood
1452707,David R Sherwood
0228250,David R McClay
1452707,David R Sherwood
1452707,David R Sherwood
1452707,David R Sherwood
1452707,David R Sherwood
1452707,David R Sherwood
1452707,David R Sherwood
0228250,David R McClay
1452707,David R Sherwood
1452707,David R Sherwood
0227108,Daniele Armaleo
0227108,Daniele Armaleo
0227108,Daniele Armaleo
0227108,Daniele Armaleo
0227108,Daniele Armaleo
0227108,Daniele Armaleo
0227108,Daniele Armaleo
0227108,Daniele Armaleo
0228903,Tai-ping Sun
0228903,Tai-ping Sun
0228903,Tai-ping Sun
0228903,Tai-ping Sun
0228903,Tai-ping Sun
0228903,Tai-ping Sun
0228903,Tai-ping Sun
0228903,Tai-ping Sun
0228903,Tai-ping Sun
0228903,Tai-ping Sun
0228903,Tai-ping Sun
0228903,Tai-ping Sun
1923253,Nicolas Buchler
0557254,Glenn Edwards
0697118,David Beratan
1923253,Nicolas Buchler
0227728,Henry Greenside
0227728,Henry Greenside
0227728,Henry Greenside
0516146,Amy Bejsovec
0516146,Amy Bejsovec
0516146,Amy Bejsovec
0516146,Amy Bejsovec
0516146,Amy Bejsovec
0516146,Amy Bejsovec
0516146,Amy Bejsovec
1525035,Nina T Sherwood
1525035,Nina T Sherwood
1525035,Nina T Sherwood
1525035,Nina T Sherwood
1525035,Nina T Sherwood
1525035,Nina T Sherwood
1525035,Nina T Sherwood
0227728,Henry Greenside
0227728,Henry Greenside
0227728,Henry Greenside
0228296,John Michael Mercer
1968987,Vikas Bhandawat
1968987,Vikas Bhandawat
1968987,Vikas Bhandawat
1968987,Vikas Bhandawat
1968987,Vikas Bhandawat
1968987,Vikas Bhandawat
0762904,Sonke Johnsen
0762904,Sonke Johnsen
0762904,Sonke Johnsen
0762904,Sonke Johnsen
0762904,Sonke Johnsen
0762904,Sonke Johnsen
0228820,Kathleen K Smith
0228820,Kathleen K Smith
0228820,Kathleen K Smith
0228820,Kathleen K Smith
0228820,Kathleen K Smith
0396986,David W Johnston
0396986,David W Johnston
0396986,David W Johnston
0396986,David W Johnston
0396986,David W Johnston
0174655,John H Willis
0174655,John H Willis
0174655,John H Willis
0174655,John H Willis
0174655,John H Willis
0174655,John H Willis
0174655,John H Willis
0174655,John H Willis
0174655,John H Willis
0174655,John H Willis
1905431,L. Ryan Baugh
1905431,L. Ryan Baugh
1905431,L. Ryan Baugh
1905431,L. Ryan Baugh
1905431,L. Ryan Baugh
1865331,Kathleen Donohue
1865331,Kathleen Donohue
1865331,Kathleen Donohue
1865331,Kathleen Donohue
1865331,Kathleen Donohue
1865331,Kathleen Donohue
1865331,Kathleen Donohue
1865331,Kathleen Donohue
1865331,Kathleen Donohue
1865331,Kathleen Donohue
0228406,H Frederik Nijhout
0228406,H Frederik Nijhout
0228406,H Frederik Nijhout
0228406,H Frederik Nijhout
0228406,H Frederik Nijhout
1694337,Manuel S Leal
1694337,Manuel S Leal
0228406,H Frederik Nijhout
0389036,Sheila N. Patek
0672261,David S Steinberg
2021577,Erin McKenney
0389036,Sheila N. Patek
2008511,Emily McLean
0715354,Christopher R Campbell
0399370,Gregory A Wray
2184777,Irene Ting Liao
0228006,William Kirby-Smith
0399180,Departmental Staff
0228016,Peter H Klopfer
0917774,Julie A Reynolds
0227609,Richard B Forward
1694347,Eric P Spana
0399180,Departmental Staff
0516150,Zhen-Ming Pei
0227609,Richard B Forward
0399180,Departmental Staff
0399180,Departmental Staff
0228670,V Louise Roth
0227609,Richard B Forward
0399180,Departmental Staff
0228016,Peter H Klopfer
0399180,Departmental Staff
0399180,Departmental Staff
0399180,Departmental Staff
0399180,Departmental Staff
0399180,Departmental Staff
0399180,Departmental Staff
0399180,Departmental Staff
0399180,Departmental Staff
0399180,Departmental Staff
0399180,Departmental Staff
0399180,Departmental Staff
0399180,Departmental Staff
0399180,Departmental Staff
1850276,Thomas F Schultz
0399370,Gregory A Wray
0399180,Departmental Staff
0399180,Departmental Staff
0399180,Departmental Staff
0399180,Departmental Staff
0399180,Departmental Staff
0399180,Departmental Staff
0399180,Departmental Staff
0399180,Departmental Staff
0399180,Departmental Staff
0399180,Departmental Staff
0228359,Alexander Motten
0228359,Alexander Motten
0228359,Alexander Motten
0917774,Julie A Reynolds
0228359,Alexander Motten
0917774,Julie A Reynolds
0917774,Julie A Reynolds
0917774,Julie A Reynolds
1366967,Robert A Malkin
1366967,Robert A Malkin
1366967,Robert A Malkin
1366967,Robert A Malkin
1366967,Robert A Malkin
1517862,Nirmala Ramanujam
1517862,Nirmala Ramanujam
0228974,George A Truskey
1517862,Nirmala Ramanujam
1009985,Charles S Wallace
1009985,Charles S Wallace
1009985,Charles S Wallace
2168508,Michael Lynch
1009985,Charles S Wallace
2190353,Christine S. Mulvey
1009985,Charles S Wallace
0227829,Craig S Henriquez
1009985,Charles S Wallace
0227829,Craig S Henriquez
0227829,Craig S Henriquez
1009985,Charles S Wallace
2435515,Michael Tadross
2108090,Chelsea Salinas
1367779,Lingchong You
0498537,Fan Yuan
2108090,Chelsea Salinas
1918576,Charles A Gersbach
2108090,Chelsea Salinas
2108090,Chelsea Salinas
2108090,Chelsea Salinas
2295335,Xiling Shen
2108090,Chelsea Salinas
2295335,Xiling Shen
2108090,Chelsea Salinas
0228974,George A Truskey
2427902,Ella A Saterbak
0598282,Joseph A Izatt
0598282,Joseph A Izatt
0574465,Kathryn R Nightingale
0598282,Joseph A Izatt
1919522,Sina Farsiu
0598282,Joseph A Izatt
1919522,Sina Farsiu
0228040,Wanda Krassowska Neu
0814643,Elizabeth K Bucholz
1919522,Sina Farsiu
0598282,Joseph A Izatt
1366967,Robert A Malkin
0814643,Elizabeth K Bucholz
0814643,Elizabeth K Bucholz
0399180,Departmental Staff
1981476,Bobby David Barnes
1366967,Robert A Malkin
1981476,Bobby David Barnes
1517862,Nirmala Ramanujam
1517862,Nirmala Ramanujam
1517862,Nirmala Ramanujam
1107218,Nenad Bursac
1348305,Warren M Grill
1107218,Nenad Bursac
1348305,Warren M Grill
2236874,Yiyang Gong
0228040,Wanda Krassowska Neu
2236874,Yiyang Gong
2057738,Brenton D Hoffman
0228405,Roger W Nightingale
2057738,Brenton D Hoffman
2057738,Brenton D Hoffman
0228405,Roger W Nightingale
0555212,Jason Frederick Luck
2057738,Brenton D Hoffman
1676649,Stephen William Smith
0228825,Stephen W Smith
0228825,Stephen W Smith
0228825,Stephen W Smith
0228825,Stephen W Smith
2362273,Junjie Yao
2362273,Junjie Yao
1963979,Gabriel P Lopez
1963979,Gabriel P Lopez
1009985,Charles S Wallace
0476478,Amanda Randles
1009985,Charles S Wallace
1009985,Charles S Wallace
1009985,Charles S Wallace
1963979,Gabriel P Lopez
1963979,Gabriel P Lopez
1009985,Charles S Wallace
0476478,Amanda Randles
1009985,Charles S Wallace
1009985,Charles S Wallace
1009985,Charles S Wallace
1366967,Robert A Malkin
1366967,Robert A Malkin
0330305,Gregg E Trahey
1366967,Robert A Malkin
0330305,Gregg E Trahey
1366967,Robert A Malkin
0574465,Kathryn R Nightingale
1366967,Robert A Malkin
0574465,Kathryn R Nightingale
0363323,Mark L Palmeri
0330305,Gregg E Trahey
0574465,Kathryn R Nightingale
0229153,Patrick D Wolf
0574465,Kathryn R Nightingale
0228405,Roger W Nightingale
0228405,Roger W Nightingale
0228405,Roger W Nightingale
0228405,Roger W Nightingale
0228405,Roger W Nightingale
0555212,Jason Frederick Luck
0598282,Joseph A Izatt
0598282,Joseph A Izatt
0598282,Joseph A Izatt
0598282,Joseph A Izatt
0598282,Joseph A Izatt
0598282,Joseph A Izatt
0227209,Laurence N Bohs
1194144,Richard L Goldberg
0227209,Laurence N Bohs
0227209,Laurence N Bohs
0927704,Kevin M Caves
0927704,Kevin M Caves
0927704,Kevin M Caves
0927704,Kevin M Caves
0927704,Kevin M Caves
0927704,Kevin M Caves
0927704,Kevin M Caves
1366967,Robert A Malkin
1366967,Robert A Malkin
1366967,Robert A Malkin
1366967,Robert A Malkin
1366967,Robert A Malkin
1366967,Robert A Malkin
1366967,Robert A Malkin
1366967,Robert A Malkin
1366967,Robert A Malkin
1366967,Robert A Malkin
1366967,Robert A Malkin
1366967,Robert A Malkin
1366967,Robert A Malkin
1366967,Robert A Malkin
0229153,Patrick D Wolf
0363323,Mark L Palmeri
0363323,Mark L Palmeri
0229153,Patrick D Wolf
0229031,Olaf T Von Ramm
0229153,Patrick D Wolf
0229031,Olaf T Von Ramm
0229153,Patrick D Wolf
0363323,Mark L Palmeri
0229031,Olaf T Von Ramm
0363323,Mark L Palmeri
0228974,George A Truskey
0228974,George A Truskey
0228974,George A Truskey
1729137,Paolo Maccarini
1729137,Paolo Maccarini
1590120,Jonathan Viventi
1729137,Paolo Maccarini
0927704,Kevin M Caves
0183218,Desiree Plata
0183218,Desiree Plata
1367960,Claudia Gunsch
1367963,David E Schaad
1367963,David E Schaad
2101623,Carmen Rawls
0227651,Henri P Gavin
0227651,Henri P Gavin
0227651,Henri P Gavin
0389668,Mark Borsuk
0389668,Mark Borsuk
0389668,Mark Borsuk
1367963,David E Schaad
1367963,David E Schaad
1367963,David E Schaad
1367963,David E Schaad
1367963,David E Schaad
1367963,David E Schaad
1367963,David E Schaad
1367963,David E Schaad
1367963,David E Schaad
0399180,Departmental Staff
0399180,Departmental Staff
2253621,Michael Howard Bergin
2253621,Michael Howard Bergin
2253621,Michael Howard Bergin
2253621,Michael Howard Bergin
1863338,Marc Deshusses
1863338,Marc Deshusses
1235100,Ana P Barros
0399180,Departmental Staff
0399180,Departmental Staff
1367963,David E Schaad
0389668,Mark Borsuk
0399180,Departmental Staff
0227951,Zbigniew J Kabala
1055263,Amilcare M Porporato
0227951,Zbigniew J Kabala
1055263,Amilcare M Porporato
0227951,Zbigniew J Kabala
0227951,Zbigniew J Kabala
0227951,Zbigniew J Kabala
1235100,Ana P Barros
0227951,Zbigniew J Kabala
1235100,Ana P Barros
0227951,Zbigniew J Kabala
2362807,Andrew D Bragg
0227951,Zbigniew J Kabala
1235100,Ana P Barros
0227883,Tomasz A Hueckel
0227206,Fred K Boadu
0227883,Tomasz A Hueckel
0227206,Fred K Boadu
0227883,Tomasz A Hueckel
0227206,Fred K Boadu
2506252,Manolis Veveakis
1963979,Gabriel P Lopez
1963979,Gabriel P Lopez
1009985,Charles S Wallace
0476478,Amanda Randles
1009985,Charles S Wallace
1009985,Charles S Wallace
1009985,Charles S Wallace
0403261,Chris E Brasier
0403261,Chris E Brasier
0403261,Chris E Brasier
0403261,Chris E Brasier
0403261,Chris E Brasier
0403261,Chris E Brasier
0403261,Chris E Brasier
1367963,David E Schaad
1367963,David E Schaad
1367963,David E Schaad
1367963,David E Schaad
1367963,David E Schaad
1367963,David E Schaad
1367963,David E Schaad
1367963,David E Schaad
1367963,David E Schaad
1367963,David E Schaad
1367963,David E Schaad
1367963,David E Schaad
2047614,Marco Marani
2047614,Marco Marani
2360779,Michael O'Driscoll
2253621,Michael Howard Bergin
0399180,Departmental Staff
0389668,Mark Borsuk
0389668,Mark Borsuk
1863338,Marc Deshusses
0418934,Martha Shumate Absher
1235100,Ana P Barros
0399180,Departmental Staff
0399180,Departmental Staff
1453779,Heileen Hsu-Kim
1235100,Ana P Barros
0403261,Chris E Brasier
0403261,Chris E Brasier
0403261,Chris E Brasier
0403261,Chris E Brasier
0403261,Chris E Brasier
0403261,Chris E Brasier
0403261,Chris E Brasier
0227651,Henri P Gavin
2094741,Wilkins Aquino
2107794,Guglielmo Scovazzi
2094741,Wilkins Aquino
2107794,Guglielmo Scovazzi
2107794,Guglielmo Scovazzi
2107794,Guglielmo Scovazzi
0228379,Joseph C Nadeau
0228379,Joseph C Nadeau
0228379,Joseph C Nadeau
0228379,Joseph C Nadeau
0228379,Joseph C Nadeau
0228379,Joseph C Nadeau
0228379,Joseph C Nadeau
0228379,Joseph C Nadeau
0228379,Joseph C Nadeau
0228379,Joseph C Nadeau
0228379,Joseph C Nadeau
0228379,Joseph C Nadeau
0228379,Joseph C Nadeau
0228379,Joseph C Nadeau
0228379,Joseph C Nadeau
0228379,Joseph C Nadeau
0228379,Joseph C Nadeau
0228379,Joseph C Nadeau
0228379,Joseph C Nadeau
0228379,Joseph C Nadeau
0228379,Joseph C Nadeau
1453779,Heileen Hsu-Kim
1453779,Heileen Hsu-Kim
1453779,Heileen Hsu-Kim
1917423,P. Lee Ferguson
1917423,P. Lee Ferguson
1453779,Heileen Hsu-Kim
1453779,Heileen Hsu-Kim
1863338,Marc Deshusses
1863338,Marc Deshusses
1863338,Marc Deshusses
1863338,Marc Deshusses
1863338,Marc Deshusses
1863338,Marc Deshusses
1863338,Marc Deshusses
0742713,John D Albertson
0742713,John D Albertson
1880905,Tierney Foster-Wittig
2047614,Marco Marani
1055263,Amilcare M Porporato
1367963,David E Schaad
1367963,David E Schaad
1367963,David E Schaad
1367963,David E Schaad
1367963,David E Schaad
1367963,David E Schaad
1367963,David E Schaad
1367963,David E Schaad
1367963,David E Schaad
0227651,Henri P Gavin
0228489,J Jeffrey Peirce
0399180,Departmental Staff
1453779,Heileen Hsu-Kim
0399180,Departmental Staff
0399180,Departmental Staff
1863338,Marc Deshusses
1863338,Marc Deshusses
1863338,Marc Deshusses
0228379,Joseph C Nadeau
1453779,Heileen Hsu-Kim
0227651,Henri P Gavin
0399180,Departmental Staff
0399180,Departmental Staff
1235100,Ana P Barros
0399180,Departmental Staff
0228379,Joseph C Nadeau
1453779,Heileen Hsu-Kim
1367960,Claudia Gunsch
0399180,Departmental Staff
2253621,Michael Howard Bergin
2253621,Michael Howard Bergin
2253621,Michael Howard Bergin
0418934,Martha Shumate Absher
0418934,Martha Shumate Absher
0418934,Martha Shumate Absher
1367963,David E Schaad
0399180,Departmental Staff
0227651,Henri P Gavin
0227206,Fred K Boadu
0418934,Martha Shumate Absher
0418934,Martha Shumate Absher
1662209,Mark R Wiesner
0228379,Joseph C Nadeau
0227651,Henri P Gavin
0227951,Zbigniew J Kabala
0389668,Mark Borsuk
0229151,Todd E Woerner
0490036,Christopher P. Roy
0228186,Richard A MacPhail
0229151,Todd E Woerner
0228186,Richard A MacPhail
0228186,Richard A MacPhail
0229151,Todd E Woerner
0490036,Christopher P. Roy
0228186,Richard A MacPhail
0229151,Todd E Woerner
0490036,Christopher P. Roy
0228186,Richard A MacPhail
0229151,Todd E Woerner
0228186,Richard A MacPhail
0228186,Richard A MacPhail
0229151,Todd E Woerner
0490036,Christopher P. Roy
0228186,Richard A MacPhail
0229151,Todd E Woerner
0490036,Christopher P. Roy
0228186,Richard A MacPhail
0540353,Stephen L Craig
0540353,Stephen L Craig
0540353,Stephen L Craig
1896245,Dorian A Canelas
0540353,Stephen L Craig
1896245,Dorian A Canelas
1896245,Dorian A Canelas
1392224,Lynne M Hyman
2107553,Deborah McCarthy
2107553,Deborah McCarthy
2293032,Megan Roppolo
2361021,Daniel Fowler
2361021,Daniel Fowler
2361021,Daniel Fowler
1729133,Kenneth S Lyle
1729133,Kenneth S Lyle
1729133,Kenneth S Lyle
1729133,Kenneth S Lyle
1729133,Kenneth S Lyle
1729133,Kenneth S Lyle
1729133,Kenneth S Lyle
1729133,Kenneth S Lyle
1729133,Kenneth S Lyle
1729133,Kenneth S Lyle
1729133,Kenneth S Lyle
0227134,Steven W Baldwin
1896245,Dorian A Canelas
0227134,Steven W Baldwin
1896245,Dorian A Canelas
0227134,Steven W Baldwin
0490036,Christopher P. Roy
1513417,Jiyong Hong
1896245,Dorian A Canelas
1896245,Dorian A Canelas
0227134,Steven W Baldwin
0227134,Steven W Baldwin
1896245,Dorian A Canelas
0490036,Christopher P. Roy
0227134,Steven W Baldwin
0227134,Steven W Baldwin
1896245,Dorian A Canelas
0227134,Steven W Baldwin
1896245,Dorian A Canelas
0227134,Steven W Baldwin
1896245,Dorian A Canelas
0804307,Farrell Kersey
1896245,Dorian A Canelas
0227134,Steven W Baldwin
0227134,Steven W Baldwin
0397040,David Martin Gooden
0227134,Steven W Baldwin
1513417,Jiyong Hong
0540353,Stephen L Craig
1420021,Amanda C Kasper
1896245,Dorian A Canelas
1420021,Amanda C Kasper
1420021,Amanda C Kasper
1420021,Amanda C Kasper
1420021,Amanda C Kasper
1420021,Amanda C Kasper
1420021,Amanda C Kasper
1420021,Amanda C Kasper
1420021,Amanda C Kasper
1420021,Amanda C Kasper
1420021,Amanda C Kasper
0490036,Christopher P. Roy
1420021,Amanda C Kasper
0804307,Farrell Kersey
0804307,Farrell Kersey
0804307,Farrell Kersey
0804307,Farrell Kersey
0804307,Farrell Kersey
0804307,Farrell Kersey
0804307,Farrell Kersey
0804307,Farrell Kersey
0804307,Farrell Kersey
0804307,Farrell Kersey
0804307,Farrell Kersey
0804307,Farrell Kersey
0804307,Farrell Kersey
0804307,Farrell Kersey
0402416,Ross Widenhoefer
0490036,Christopher P. Roy
0227134,Steven W Baldwin
0402416,Ross Widenhoefer
0402416,Ross Widenhoefer
0490036,Christopher P. Roy
0227134,Steven W Baldwin
0227134,Steven W Baldwin
2230257,Krista Kasdorf
0490036,Christopher P. Roy
0227134,Steven W Baldwin
0402416,Ross Widenhoefer
0490036,Christopher P. Roy
0402416,Ross Widenhoefer
0227134,Steven W Baldwin
2165037,Steven J. Malcolmson
0490036,Christopher P. Roy
0397040,David Martin Gooden
2165037,Steven J. Malcolmson
0402416,Ross Widenhoefer
0397040,David Martin Gooden
0402416,Ross Widenhoefer
0227134,Steven W Baldwin
0402416,Ross Widenhoefer
0402416,Ross Widenhoefer
0490036,Christopher P. Roy
0227134,Steven W Baldwin
0227134,Steven W Baldwin
0928832,Ann G Motten
0227422,Alvin L Crumbliss
0398322,Jie Liu
0928832,Ann G Motten
0227422,Alvin L Crumbliss
0398322,Jie Liu
0928832,Ann G Motten
0227422,Alvin L Crumbliss
0398322,Jie Liu
0743570,Warren S Warren
0490036,Christopher P. Roy
1896245,Dorian A Canelas
1896245,Dorian A Canelas
0398322,Jie Liu
1896245,Dorian A Canelas
0398322,Jie Liu
0398322,Jie Liu
0490036,Christopher P. Roy
0227213,James Bonk
0490036,Christopher P. Roy
0490036,Christopher P. Roy
0490036,Christopher P. Roy
0490036,Christopher P. Roy
0490036,Christopher P. Roy
0490036,Christopher P. Roy
0490036,Christopher P. Roy
0398322,Jie Liu
0490036,Christopher P. Roy
0490036,Christopher P. Roy
2044880,Qiu Wang
0490036,Christopher P. Roy
0228428,Terrence G Oas
0228428,Terrence G Oas
0228428,Terrence G Oas
0228186,Richard A MacPhail
2292827,Kevin Welsher
2292827,Kevin Welsher
2292827,Kevin Welsher
0229151,Todd E Woerner
0228186,Richard A MacPhail
0228186,Richard A MacPhail
0228186,Richard A MacPhail
0228186,Richard A MacPhail
0228186,Richard A MacPhail
0228186,Richard A MacPhail
0697118,David Beratan
0557254,Glenn Edwards
0697118,David Beratan
0697118,David Beratan
0697118,David Beratan
0697118,David Beratan
0697118,David Beratan
0229168,Weitao Yang
0229168,Weitao Yang
0229168,Weitao Yang
0229168,Weitao Yang
0229168,Weitao Yang
0229168,Weitao Yang
0229168,Weitao Yang
0229151,Todd E Woerner
0229151,Todd E Woerner
0228186,Richard A MacPhail
0228186,Richard A MacPhail
0228186,Richard A MacPhail
0228186,Richard A MacPhail
0229151,Todd E Woerner
0229168,Weitao Yang
1915631,Benjamin J Wiley
1915631,Benjamin J Wiley
0398322,Jie Liu
1915631,Benjamin J Wiley
1915631,Benjamin J Wiley
1915631,Benjamin J Wiley
1915631,Benjamin J Wiley
0228186,Richard A MacPhail
0228186,Richard A MacPhail
0228186,Richard A MacPhail
0398322,Jie Liu
0228186,Richard A MacPhail
0228186,Richard A MacPhail
0402412,Michael C Fitzgerald
0402412,Michael C Fitzgerald
0402412,Michael C Fitzgerald
0402412,Michael C Fitzgerald
0402412,Michael C Fitzgerald
0402412,Michael C Fitzgerald
0402412,Michael C Fitzgerald
0229151,Todd E Woerner
0228186,Richard A MacPhail
0229151,Todd E Woerner
0229151,Todd E Woerner
0228186,Richard A MacPhail
0228186,Richard A MacPhail
0402412,Michael C Fitzgerald
0402412,Michael C Fitzgerald
0402412,Michael C Fitzgerald
0402412,Michael C Fitzgerald
0228186,Richard A MacPhail
0228186,Richard A MacPhail
0229151,Todd E Woerner
0228186,Richard A MacPhail
1050955,Katherine J Franz
1050955,Katherine J Franz
1050955,Katherine J Franz
1050955,Katherine J Franz
0490036,Christopher P. Roy
0490036,Christopher P. Roy
0490036,Christopher P. Roy
0490036,Christopher P. Roy
0490036,Christopher P. Roy
0490036,Christopher P. Roy
0490036,Christopher P. Roy
0229151,Todd E Woerner
0229151,Todd E Woerner
0804307,Farrell Kersey
0490036,Christopher P. Roy
0490036,Christopher P. Roy
0227134,Steven W Baldwin
0227134,Steven W Baldwin
0490036,Christopher P. Roy
0227134,Steven W Baldwin
0227134,Steven W Baldwin
1975475,Jose M Sandoval
1975475,Jose M Sandoval
1570743,William Dustin Albert
1530849,Elizabeth J Gifford
1530849,Elizabeth J Gifford
0228371,Clara G Muschkin
2107551,Candice L Odgers
1012260,William B Goodman
0228371,Clara G Muschkin
2107760,Shane Goodridge
0228371,Clara G Muschkin
2292640,Joy R Piontak
0228371,Clara G Muschkin
2107760,Shane Goodridge
0228371,Clara G Muschkin
0375781,Megan M Golonka
0228371,Clara G Muschkin
0375781,Megan M Golonka
0228371,Clara G Muschkin
1942467,Leslie M Babinski
0399180,Departmental Staff
1828547,Daniel M Crowley
1530849,Elizabeth J Gifford
0397555,Mary Katherine Rosanbalm
0399180,Departmental Staff
0397555,Mary Katherine Rosanbalm
0399180,Departmental Staff
1864282,Seth G Sanders
0399180,Departmental Staff
0397555,Mary Katherine Rosanbalm
0399180,Departmental Staff
0492269,Kenneth A Dodge
0970898,Joel B Rosch
0970898,Joel B Rosch
0970898,Joel B Rosch
2107760,Shane Goodridge
1961601,Anne-Marie R Iselin
0228371,Clara G Muschkin
0228094,Kun Shan Carolyn Lee
0228094,Kun Shan Carolyn Lee
0228094,Kun Shan Carolyn Lee
0228094,Kun Shan Carolyn Lee
1623166,Chi-Ju Hsieh
0228094,Kun Shan Carolyn Lee
1623166,Chi-Ju Hsieh
1623166,Chi-Ju Hsieh
1623166,Chi-Ju Hsieh
1623166,Chi-Ju Hsieh
2043646,Brianna Phillips
2043646,Brianna Phillips
0399180,Departmental Staff
2043646,Brianna Phillips
2043646,Brianna Phillips
0399180,Departmental Staff
0399180,Departmental Staff
1515727,Tianshu He
0399180,Departmental Staff
0399180,Departmental Staff
2043646,Brianna Phillips
2043646,Brianna Phillips
0399180,Departmental Staff
2043646,Brianna Phillips
2043646,Brianna Phillips
0399180,Departmental Staff
0399180,Departmental Staff
0399180,Departmental Staff
0399180,Departmental Staff
0399180,Departmental Staff
1719480,Dan Wang
1719480,Dan Wang
2156434,Xuyan Zhuang
2293430,Menghuan Li
2168107,Yan Liu
2361025,Qiang Zhang
2361025,Qiang Zhang
0228094,Kun Shan Carolyn Lee
0228094,Kun Shan Carolyn Lee
2430319,Shu Ting Hsu
1515727,Tianshu He
1515727,Tianshu He
2043646,Brianna Phillips
2043646,Brianna Phillips
0399180,Departmental Staff
2043646,Brianna Phillips
2043646,Brianna Phillips
1515727,Tianshu He
1515727,Tianshu He
1515727,Tianshu He
1515727,Tianshu He
1515727,Tianshu He
2043646,Brianna Phillips
2043646,Brianna Phillips
0399180,Departmental Staff
2043646,Brianna Phillips
2043646,Brianna Phillips
1515727,Tianshu He
1515727,Tianshu He
1515727,Tianshu He
1515727,Tianshu He
1515727,Tianshu He
2168107,Yan Liu
2168107,Yan Liu
2168107,Yan Liu
2168107,Yan Liu
0228094,Kun Shan Carolyn Lee
0228094,Kun Shan Carolyn Lee
2093476,Ting Guo
1515727,Tianshu He
1515727,Tianshu He
1515727,Tianshu He
1515727,Tianshu He
0752953,Jie Cai
0399180,Departmental Staff
0399180,Departmental Staff
0399180,Departmental Staff
0399180,Departmental Staff
0399180,Departmental Staff
0399180,Departmental Staff
0399180,Departmental Staff
0399180,Departmental Staff
0399180,Departmental Staff
0399180,Departmental Staff
0399180,Departmental Staff
1538935,Carlos Rojas
0399180,Departmental Staff
0228094,Kun Shan Carolyn Lee
0228094,Kun Shan Carolyn Lee
0228094,Kun Shan Carolyn Lee
2293432,Wenwen Fu
2293433,Wenjia Ma
2430281,Yujia Ye
2430281,Yujia Ye
1515727,Tianshu He
1515727,Tianshu He
2043646,Brianna Phillips
2043646,Brianna Phillips
2043646,Brianna Phillips
2043646,Brianna Phillips
2093476,Ting Guo
2093476,Ting Guo
2293433,Wenjia Ma
0399180,Departmental Staff
2293433,Wenjia Ma
2043646,Brianna Phillips
2043646,Brianna Phillips
0399180,Departmental Staff
2043646,Brianna Phillips
2043646,Brianna Phillips
2093476,Ting Guo
2093476,Ting Guo
2293433,Wenjia Ma
1515727,Tianshu He
2293433,Wenjia Ma
0752953,Jie Cai
1515727,Tianshu He
1107663,Kang Liu
1107663,Kang Liu
1107663,Kang Liu
1107663,Kang Liu
1107663,Kang Liu
1974874,Eileen Chow
1107663,Kang Liu
2043646,Brianna Phillips
0399180,Departmental Staff
2043646,Brianna Phillips
2043646,Brianna Phillips
2043646,Brianna Phillips
2293433,Wenjia Ma
2043646,Brianna Phillips
0399180,Departmental Staff
2043646,Brianna Phillips
2043646,Brianna Phillips
2043646,Brianna Phillips
2293433,Wenjia Ma
2116697,Maurizio Forte
2116697,Maurizio Forte
2232125,Alicia Jimenez
2232125,Alicia Jimenez
2429196,Kyle A Jazwa
1912953,Jed W Atkins
1912953,Jed W Atkins
1912953,Jed W Atkins
1912953,Jed W Atkins
1915685,William A Johnson
1915685,William A Johnson
1871365,Lindsey A Mazurek
1143227,Kathryn A Langenfeld
2232124,Emily Jusino
1787157,Jose M. Gonzalez
0538190,Cavan W. Concannon
1143227,Kathryn A Langenfeld
0227911,Micaela W Janan
0227911,Micaela W Janan
0227448,N Gregson Davis
0227911,Micaela W Janan
0227911,Micaela W Janan
2429194,Claire E Catenaccio
2116697,Maurizio Forte
2116697,Maurizio Forte
2116697,Maurizio Forte
0388208,Sheila Dillon
0388208,Sheila Dillon
0388208,Sheila Dillon
0388208,Sheila Dillon
2232125,Alicia Jimenez
2116697,Maurizio Forte
0388208,Sheila Dillon
0388208,Sheila Dillon
0388208,Sheila Dillon
1828279,Elizabeth P. Baltes
1871365,Lindsey A Mazurek
0396760,Jacques A. Bromberg
0396760,Jacques A. Bromberg
1834058,Carl E Young
2429196,Kyle A Jazwa
2429196,Kyle A Jazwa
0227911,Micaela W Janan
0227911,Micaela W Janan
1888548,Adela Deanova
0227575,Michael T Ferejohn
0227575,Michael T Ferejohn
0227575,Michael T Ferejohn
0227575,Michael T Ferejohn
0227575,Michael T Ferejohn
2193413,Bryce Scott Gessell
0227575,Michael T Ferejohn
0227575,Michael T Ferejohn
1912953,Jed W Atkins
1912953,Jed W Atkins
1912953,Jed W Atkins
1912953,Jed W Atkins
0396760,Jacques A. Bromberg
0388234,Joshua D Sosin
1834058,Carl E Young
0388234,Joshua D Sosin
0388234,Joshua D Sosin
2009646,John Paul Aldrup-MacDonald
0388234,Joshua D Sosin
0227208,Mary T Boatwright
0227208,Mary T Boatwright
2009646,John Paul Aldrup-MacDonald
0227208,Mary T Boatwright
2003634,Melissa Anne Huber
2009646,John Paul Aldrup-MacDonald
0227208,Mary T Boatwright
1040594,Daniel H. Foster
1725825,Clifford A. Robinson
2116697,Maurizio Forte
0538190,Cavan W. Concannon
1524608,Mark S Goodacre
1524608,Mark S Goodacre
1524608,Mark S Goodacre
1039456,Carla M Antonaccio
1039456,Carla M Antonaccio
1039456,Carla M Antonaccio
2429196,Kyle A Jazwa
1039456,Carla M Antonaccio
2009786,Timothy David Shea
2429196,Kyle A Jazwa
1039456,Carla M Antonaccio
2009786,Timothy David Shea
0388208,Sheila Dillon
2232125,Alicia Jimenez
2232125,Alicia Jimenez
1913378,Courtney Michelle Monahan
2232125,Alicia Jimenez
0400220,Jennifer Clare Woods
0400220,Jennifer Clare Woods
0400220,Jennifer Clare Woods
0400220,Jennifer Clare Woods
1039456,Carla M Antonaccio
0400220,Jennifer Clare Woods
1912953,Jed W Atkins
0227911,Micaela W Janan
2429194,Claire E Catenaccio
0227120,Owen L Astrachan
2107641,Peter S Lorensen
0402703,Robert C Duvall
0402703,Robert C Duvall
0228650,Susan H Rodger
0228650,Susan H Rodger
0228650,Susan H Rodger
0228650,Susan H Rodger
0228650,Susan H Rodger
0228650,Susan H Rodger
0228650,Susan H Rodger
0227120,Owen L Astrachan
2459033,Kristin V Stephens-Martinez
2459033,Kristin V Stephens-Martinez
0227120,Owen L Astrachan
2430275,Valeria C Caruso
0399180,Departmental Staff
1851408,Nicholas Gessler
1851408,Nicholas Gessler
0227120,Owen L Astrachan
2108156,Orlin Krastev Vakarelov
1791807,Patrick Herron
1791807,Patrick Herron
1791807,Patrick Herron
1791807,Patrick Herron
0228904,Xiaobai Sun
0228904,Xiaobai Sun
1586108,Julian Mac Neille Mason
2107645,Tabitha C Peck
2107645,Tabitha C Peck
2107645,Tabitha C Peck
0588117,Jeffrey R Forbes
2232429,Salman Azhar
0588117,Jeffrey R Forbes
2232429,Salman Azhar
0227120,Owen L Astrachan
0588117,Jeffrey R Forbes
0227120,Owen L Astrachan
0588117,Jeffrey R Forbes
0227120,Owen L Astrachan
0227120,Owen L Astrachan
2107644,Ashwin Machanavajjhala
2107644,Ashwin Machanavajjhala
2107644,Ashwin Machanavajjhala
0588117,Jeffrey R Forbes
0228659,Donald Rose
0228659,Donald Rose
1781996,Bruce M. Maggs
1615515,Chittaranjan Tripathy
1615515,Chittaranjan Tripathy
0228650,Susan H Rodger
1683138,Bruce R Donald
1683138,Bruce R Donald
0745534,Carlo Tomasi
1683138,Bruce R Donald
0745534,Carlo Tomasi
2232429,Salman Azhar
0745534,Carlo Tomasi
1683138,Bruce R Donald
1253256,Kamesh Munagala
1683138,Bruce R Donald
2161716,Debmalya Panigrahi
0588117,Jeffrey R Forbes
0588117,Jeffrey R Forbes
0588117,Jeffrey R Forbes
0588117,Jeffrey R Forbes
0957986,Daniel J Sorin
0957986,Daniel J Sorin
0402705,Alvin Lebeck
1974579,Benjamin C Lee
0957986,Daniel J Sorin
0402705,Alvin Lebeck
1974579,Benjamin C Lee
0957986,Daniel J Sorin
2306991,Tyler Bletsch
0402705,Alvin Lebeck
0957986,Daniel J Sorin
2306991,Tyler Bletsch
2306991,Tyler Bletsch
1974579,Benjamin C Lee
2306991,Tyler Bletsch
1974579,Benjamin C Lee
0957986,Daniel J Sorin
0741446,Alexander Hartemink
0741446,Alexander Hartemink
0741446,Alexander Hartemink
1416604,Raluca M Gordan
0741446,Alexander Hartemink
0741446,Alexander Hartemink
0741446,Alexander Hartemink
0515974,Ronald E Parr
0515974,Ronald E Parr
2232430,George D Konidaris
2232430,George D Konidaris
2232876,Kristoffer Hauser
0515974,Ronald E Parr
1669112,Vincent Conitzer
2108156,Orlin Krastev Vakarelov
2108156,Orlin Krastev Vakarelov
2108156,Orlin Krastev Vakarelov
0402703,Robert C Duvall
0741464,Jun Yang
1781996,Bruce M. Maggs
0227071,Pankaj K Agarwal
1516065,Shivnath Babu
1728797,Jennifer M. Groh
1781996,Bruce M. Maggs
0402703,Robert C Duvall
1781996,Bruce M. Maggs
2355191,Cynthia D. Rudin
2232429,Salman Azhar
0402703,Robert C Duvall
0402703,Robert C Duvall
0402703,Robert C Duvall
0402703,Robert C Duvall
0402703,Robert C Duvall
0402703,Robert C Duvall
0402703,Robert C Duvall
0402703,Robert C Duvall
0402703,Robert C Duvall
0402703,Robert C Duvall
0402703,Robert C Duvall
0402703,Robert C Duvall
0402703,Robert C Duvall
0402703,Robert C Duvall
0227120,Owen L Astrachan
0227120,Owen L Astrachan
0227120,Owen L Astrachan
0227120,Owen L Astrachan
0227120,Owen L Astrachan
0227120,Owen L Astrachan
0227120,Owen L Astrachan
0227120,Owen L Astrachan
0741464,Jun Yang
0741464,Jun Yang
0741464,Jun Yang
0741464,Jun Yang
0741464,Jun Yang
1719924,Sudeepa Roy
0741464,Jun Yang
0741464,Jun Yang
1719924,Sudeepa Roy
0228650,Susan H Rodger
0228650,Susan H Rodger
0228650,Susan H Rodger
0227120,Owen L Astrachan
0227120,Owen L Astrachan
0227120,Owen L Astrachan
0227120,Owen L Astrachan
0227120,Owen L Astrachan
0227120,Owen L Astrachan
0227120,Owen L Astrachan
2107645,Tabitha C Peck
0402703,Robert C Duvall
1695347,Romit Roy Choudhury
2166841,Javier Alonso Lopez
1893900,Xiaowei Yang
2166034,Theophilus A Benson
1893900,Xiaowei Yang
2166034,Theophilus A Benson
1893900,Xiaowei Yang
1893900,Xiaowei Yang
0402703,Robert C Duvall
0402708,Richard A Lucic
0402703,Robert C Duvall
0402703,Robert C Duvall
2232429,Salman Azhar
0402703,Robert C Duvall
0402703,Robert C Duvall
1019719,Paul L Bendich
0227784,John Harer
1019719,Paul L Bendich
1019719,Paul L Bendich
0227784,John Harer
2367776,Gregory Malen
0227784,John Harer
1630128,Mauro Maggioni
1630128,Mauro Maggioni
1019719,Paul L Bendich
1019719,Paul L Bendich
1019719,Paul L Bendich
1560207,Kevin B Sobel-Read
0228864,Orin Starn
0228864,Orin Starn
1560207,Kevin B Sobel-Read
0228864,Orin Starn
1874162,Layla D Brown-Vincent
1874162,Layla D Brown-Vincent
0227086,Anne Allison
0228864,Orin Starn
1719106,Erin D Parish
2292692,Christine Folch
0227086,Anne Allison
1719106,Erin D Parish
1941785,Alyssa Marie Miller
0228864,Orin Starn
0228864,Orin Starn
1329322,Robin Kirk
1329322,Robin Kirk
1329322,Robin Kirk
1329322,Robin Kirk
1676649,Stephen William Smith
1676649,Stephen William Smith
1676649,Stephen William Smith
2008285,Jane O Ifekwunigwe
1676649,Stephen William Smith
2008285,Jane O Ifekwunigwe
1513948,Anne-Maria B Makhulu
0228518,Charles D Piot
1676649,Stephen William Smith
0400149,Karin Shapiro
0228518,Charles D Piot
1676649,Stephen William Smith
2428765,Samuel F Daly
1513948,Anne-Maria B Makhulu
0961319,Gary Hawkins
0961319,Gary Hawkins
0961319,Gary Hawkins
0961319,Gary Hawkins
0961319,Gary Hawkins
0961319,Gary Hawkins
0961319,Gary Hawkins
0961319,Gary Hawkins
0961319,Gary Hawkins
0961319,Gary Hawkins
0961319,Gary Hawkins
0961319,Gary Hawkins
0961319,Gary Hawkins
0961319,Gary Hawkins
0961319,Gary Hawkins
0961319,Gary Hawkins
1210064,Lisa Beth Bergene
1210064,Lisa Beth Bergene
1210064,Lisa Beth Bergene
1210064,Lisa Beth Bergene
0228422,William M O'Barr
0228422,William M O'Barr
0402605,Ralph A Litzinger
0228293,Louise Meintjes
0388263,Ingrid Byerly
0228293,Louise Meintjes
0228293,Louise Meintjes
0228293,Louise Meintjes
0228293,Louise Meintjes
0228293,Louise Meintjes
0388263,Ingrid Byerly
0388263,Ingrid Byerly
0388263,Ingrid Byerly
0388263,Ingrid Byerly
0388263,Ingrid Byerly
0388263,Ingrid Byerly
1049204,Rebecca Stein
1049204,Rebecca Stein
0544828,Charles D Thompson
0544828,Charles D Thompson
0544828,Charles D Thompson
0389127,Richard Lamarr Collier
0389127,Richard Lamarr Collier
0389127,Richard Lamarr Collier
0389127,Richard Lamarr Collier
0389127,Richard Lamarr Collier
0389127,Richard Lamarr Collier
0389127,Richard Lamarr Collier
0389127,Richard Lamarr Collier
0389127,Richard Lamarr Collier
0228422,William M O'Barr
0228422,William M O'Barr
0389127,Richard Lamarr Collier
0389127,Richard Lamarr Collier
2504921,Edward E Timke
0388263,Ingrid Byerly
0388263,Ingrid Byerly
1918000,Mona F Hassan
0388263,Ingrid Byerly
0388263,Ingrid Byerly
0388263,Ingrid Byerly
1918905,Jehangir Y Malegam
2070731,Jessica Estlund Issacharoff
2129638,Maryann D Murtagh
2062252,Nicholas Alan Huber
1963968,Frances S Hasso
1017919,Leigh M Campoamor
1017919,Leigh M Campoamor
2167527,Jessica Namakkal
2167527,Jessica Namakkal
1916002,Catherine Mathers
1916002,Catherine Mathers
2167527,Jessica Namakkal
1916002,Catherine Mathers
2300740,Eli Meyerhoff
2300740,Eli Meyerhoff
2167527,Jessica Namakkal
1916002,Catherine Mathers
1407954,Adam R Rosenblatt
1968184,Dominika Marta Baran
1968184,Dominika Marta Baran
1968184,Dominika Marta Baran
1968184,Dominika Marta Baran
1968184,Dominika Marta Baran
1968184,Dominika Marta Baran
1968184,Dominika Marta Baran
0227783,Michael P Hardt
0227783,Michael P Hardt
0227783,Michael P Hardt
0227783,Michael P Hardt
0227783,Michael P Hardt
0227783,Michael P Hardt
0227783,Michael P Hardt
0402604,Lee D Baker
0402604,Lee D Baker
0402604,Lee D Baker
0402604,Lee D Baker
0402604,Lee D Baker
0402604,Lee D Baker
1968184,Dominika Marta Baran
1968184,Dominika Marta Baran
1212569,Gail L Clements
1968184,Dominika Marta Baran
1968184,Dominika Marta Baran
1968184,Dominika Marta Baran
1968184,Dominika Marta Baran
1862311,John R Freeman
1862311,John R Freeman
1862311,John R Freeman
1862311,John R Freeman
1862311,John R Freeman
1862311,John R Freeman
1862311,John R Freeman
1862311,John R Freeman
1862311,John R Freeman
1862311,John R Freeman
1862311,John R Freeman
1862311,John R Freeman
1862311,John R Freeman
1862311,John R Freeman
1971835,Laurie McIntosh
1971835,Laurie McIntosh
1971835,Laurie McIntosh
0228753,Suzanne E Shanahan
0228753,Suzanne E Shanahan
1971835,Laurie McIntosh
1971835,Laurie McIntosh
2040215,Harris Solomon
2040215,Harris Solomon
2040215,Harris Solomon
2040215,Harris Solomon
0252845,Brad Rogers
0252845,Brad Rogers
0399180,Departmental Staff
1856133,Katya Wesolowski
1856133,Katya Wesolowski
0228293,Louise Meintjes
0228293,Louise Meintjes
2065315,Jere (Jay) William Hammond
0228293,Louise Meintjes
0228293,Louise Meintjes
1918000,Mona F Hassan
1918000,Mona F Hassan
0227102,Edna Andrews
0227102,Edna Andrews
0227102,Edna Andrews
0227102,Edna Andrews
0227102,Edna Andrews
0227102,Edna Andrews
0801186,Christopher Wilson Sims
0801186,Christopher Wilson Sims
0801186,Christopher Wilson Sims
0801186,Christopher Wilson Sims
0801186,Christopher Wilson Sims
0544828,Charles D Thompson
0402605,Ralph A Litzinger
0402605,Ralph A Litzinger
0402605,Ralph A Litzinger
0402605,Ralph A Litzinger
2008326,Stephanie J Friede
0724589,Diane M Nelson
1329322,Robin Kirk
1329322,Robin Kirk
1697275,Barbara A Lau
1697275,Barbara A Lau
1697275,Barbara A Lau
1749197,Ann B Brewster
1749197,Ann B Brewster
1749197,Ann B Brewster
0724589,Diane M Nelson
0724589,Diane M Nelson
0724589,Diane M Nelson
1918000,Mona F Hassan
1918000,Mona F Hassan
1918000,Mona F Hassan
1697003,Kelly L Alexander
1697003,Kelly L Alexander
1697003,Kelly L Alexander
1697003,Kelly L Alexander
1697003,Kelly L Alexander
1697003,Kelly L Alexander
0228037,Jonathan Kramer
0228037,Jonathan Kramer
0228037,Jonathan Kramer
1629804,Beth Holmgren
1629804,Beth Holmgren
1907307,Charmaine D Royal
1907307,Charmaine D Royal
1907307,Charmaine D Royal
1907307,Charmaine D Royal
1907307,Charmaine D Royal
1907307,Charmaine D Royal
1907307,Charmaine D Royal
1907307,Charmaine D Royal
1907307,Charmaine D Royal
1907307,Charmaine D Royal
1515283,Timothy B Tyson
1515283,Timothy B Tyson
1515283,Timothy B Tyson
1515283,Timothy B Tyson
1515283,Timothy B Tyson
1515283,Timothy B Tyson
2107097,Susanne B Unger
0228792,Irene M Silverblatt
0395856,Heather Settle
2161891,Anna Kipervaser
2161891,Anna Kipervaser
2161891,Anna Kipervaser
2161891,Anna Kipervaser
1670806,Ara A Wilson
0773069,Christina Williams
0773069,Christina Williams
1670806,Ara A Wilson
1670806,Ara A Wilson
1348284,Bayo Holsey
2045394,Michael Ryan
1017167,Jason Cross
1670806,Ara A Wilson
0742059,Margaret Riley
1918060,Andrea E Woods Valdes
1017167,Jason Cross
1017167,Jason Cross
0814654,Netta R Van Vliet
2108139,Lindah Mhando
0814654,Netta R Van Vliet
0228422,William M O'Barr
1404180,Cynthia R. Greenlee
1017167,Jason Cross
1017167,Jason Cross
0228864,Orin Starn
1329322,Robin Kirk
1017167,Jason Cross
1057050,Heather Stone
1887991,Engseng Ho
1697275,Barbara A Lau
1057050,Heather Stone
2129791,Jacob Guion Wade Soule
2293194,Marisol LeBron
2189080,Xuenan Cao
2292692,Christine Folch
1710564,Amanda S Gould
1941785,Alyssa Marie Miller
0228293,Louise Meintjes
0228864,Orin Starn
1856133,Katya Wesolowski
1856133,Katya Wesolowski
1856133,Katya Wesolowski
1916002,Catherine Mathers
1513948,Anne-Maria B Makhulu
1513948,Anne-Maria B Makhulu
1049204,Rebecca Stein
1887991,Engseng Ho
1513948,Anne-Maria B Makhulu
1049204,Rebecca Stein
2292692,Christine Folch
0724589,Diane M Nelson
1513948,Anne-Maria B Makhulu
2292692,Christine Folch
1971835,Laurie McIntosh
0724589,Diane M Nelson
1049204,Rebecca Stein
1916002,Catherine Mathers
1856133,Katya Wesolowski
2045192,Tomas Matza
0724589,Diane M Nelson
0228422,William M O'Barr
0724589,Diane M Nelson
0724589,Diane M Nelson
0402605,Ralph A Litzinger
0402605,Ralph A Litzinger
1856133,Katya Wesolowski
1856133,Katya Wesolowski
1856133,Katya Wesolowski
0402605,Ralph A Litzinger
0724589,Diane M Nelson
2039548,Markos Hadjioannou
2039548,Markos Hadjioannou
2039548,Markos Hadjioannou
1964393,Rey Chow
1964393,Rey Chow
0402778,Antonio Viego
2105764,Nima R Bassiri
1961602,James Lorand Matory
1961602,James Lorand Matory
0227577,Bethzaida Fernandez
0227577,Bethzaida Fernandez
1915754,Rosa Solorzano
1915754,Rosa Solorzano
1915754,Rosa Solorzano
0227577,Bethzaida Fernandez
0731751,Joan E Clifford
1915754,Rosa Solorzano
0227577,Bethzaida Fernandez
1915754,Rosa Solorzano
1915754,Rosa Solorzano
0227577,Bethzaida Fernandez
1915754,Rosa Solorzano
0731751,Joan E Clifford
0228518,Charles D Piot
1049477,Kerry L Haynie
0228518,Charles D Piot
0228518,Charles D Piot
0228518,Charles D Piot
0228518,Charles D Piot
1329322,Robin Kirk
1329322,Robin Kirk
1676649,Stephen William Smith
1676649,Stephen William Smith
1676649,Stephen William Smith
1676649,Stephen William Smith
1676649,Stephen William Smith
1676649,Stephen William Smith
1676649,Stephen William Smith
2425569,Michael Klien
2425569,Michael Klien
2425569,Michael Klien
1676649,Stephen William Smith
1676649,Stephen William Smith
1024329,Dwayne Dixon
1024329,Dwayne Dixon
1024329,Dwayne Dixon
2110516,Johnhenry Gonzalez
1781157,Laurent M Dubois
1781157,Laurent M Dubois
1140106,Christina Davidson
1781157,Laurent M Dubois
0399052,Amy L Hall
0399052,Amy L Hall
1697275,Barbara A Lau
1697275,Barbara A Lau
1513948,Anne-Maria B Makhulu
1513948,Anne-Maria B Makhulu
1513948,Anne-Maria B Makhulu
1513948,Anne-Maria B Makhulu
1348285,Mark A Neal
1348285,Mark A Neal
1348285,Mark A Neal
2174966,Patrick Douthit
2174966,Patrick Douthit
1348285,Mark A Neal
1676649,Stephen William Smith
1676649,Stephen William Smith
1676649,Stephen William Smith
0228825,Stephen W Smith
0227086,Anne Allison
0227086,Anne Allison
1504618,Michaeline A Crichlow
1504618,Michaeline A Crichlow
1504618,Michaeline A Crichlow
1504618,Michaeline A Crichlow
1504618,Michaeline A Crichlow
1504618,Michaeline A Crichlow
1999749,Brent Haas
1961602,James Lorand Matory
1961602,James Lorand Matory
1961602,James Lorand Matory
0228518,Charles D Piot
0228518,Charles D Piot
0228518,Charles D Piot
0399180,Departmental Staff
0399180,Departmental Staff
0399826,Leo Ching
0399826,Leo Ching
0399826,Leo Ching
0228314,Walter Mignolo
0228314,Walter Mignolo
0228314,Walter Mignolo
0228314,Walter Mignolo
0228314,Walter Mignolo
0228314,Walter Mignolo
1504618,Michaeline A Crichlow
1504618,Michaeline A Crichlow
0227584,Valeria Finucci
0227584,Valeria Finucci
0227584,Valeria Finucci
0227584,Valeria Finucci
1097631,Luciana Fellin
1889526,Peter Muchiri
1097631,Luciana Fellin
1968184,Dominika Marta Baran
1968184,Dominika Marta Baran
1968184,Dominika Marta Baran
1968184,Dominika Marta Baran
1968184,Dominika Marta Baran
1968184,Dominika Marta Baran
0824568,Anna Lind-Guzik
0227102,Edna Andrews
0228400,Michael Newcity
0227102,Edna Andrews
0227102,Edna Andrews
0227102,Edna Andrews
0228792,Irene M Silverblatt
0228792,Irene M Silverblatt
0228792,Irene M Silverblatt
0228030,Robert R Korstad
1329322,Robin Kirk
1363260,Sarah Deutsch
1857184,Nayoung Aimee Kwon
1857184,Nayoung Aimee Kwon
1857184,Nayoung Aimee Kwon
1049204,Rebecca Stein
1049204,Rebecca Stein
0724589,Diane M Nelson
0724589,Diane M Nelson
1856133,Katya Wesolowski
2040215,Harris Solomon
1856133,Katya Wesolowski
2040215,Harris Solomon
2040215,Harris Solomon
2040215,Harris Solomon
2040215,Harris Solomon
1856133,Katya Wesolowski
2040215,Harris Solomon
1856133,Katya Wesolowski
1856133,Katya Wesolowski
2040215,Harris Solomon
1856133,Katya Wesolowski
0814654,Netta R Van Vliet
2112102,Benjamin Trott
0814654,Netta R Van Vliet
0814654,Netta R Van Vliet
1971835,Laurie McIntosh
1971835,Laurie McIntosh
1971835,Laurie McIntosh
1049204,Rebecca Stein
1049204,Rebecca Stein
1049204,Rebecca Stein
1049204,Rebecca Stein
1623165,Shai Ginsburg
0399826,Leo Ching
0399826,Leo Ching
1513948,Anne-Maria B Makhulu
1513948,Anne-Maria B Makhulu
1513948,Anne-Maria B Makhulu
1451489,Erika S Weinthal
2040211,Suzanne Katzenstein
1865251,Katherine B Hayles
2107473,Lamonte Aidoo
2363654,Irma Velasquez Nimatuj
2107473,Lamonte Aidoo
2107473,Lamonte Aidoo
0402778,Antonio Viego
2293194,Marisol LeBron
0395856,Heather Settle
0395856,Heather Settle
0228792,Irene M Silverblatt
0228792,Irene M Silverblatt
1982937,Brian Smithson
0402604,Lee D Baker
2126128,Anna Jeannine Dowell
0395856,Heather Settle
0395856,Heather Settle
0228792,Irene M Silverblatt
0228792,Irene M Silverblatt
1982937,Brian Smithson
0395856,Heather Settle
2126128,Anna Jeannine Dowell
1223361,Katherine Hyde
1601564,Nancy Kalow
1223361,Katherine Hyde
1601564,Nancy Kalow
1223361,Katherine Hyde
1601564,Nancy Kalow
1223361,Katherine Hyde
1601564,Nancy Kalow
1223361,Katherine Hyde
0801186,Christopher Wilson Sims
1223361,Katherine Hyde
0801186,Christopher Wilson Sims
0801186,Christopher Wilson Sims
1223361,Katherine Hyde
0961319,Gary Hawkins
0961319,Gary Hawkins
0961319,Gary Hawkins
0961319,Gary Hawkins
0961319,Gary Hawkins
0961319,Gary Hawkins
0961319,Gary Hawkins
0961319,Gary Hawkins
0961319,Gary Hawkins
0961319,Gary Hawkins
0961319,Gary Hawkins
0961319,Gary Hawkins
0961319,Gary Hawkins
0961319,Gary Hawkins
0961319,Gary Hawkins
0961319,Gary Hawkins
2102044,Michelle Lanier
2102044,Michelle Lanier
2102044,Michelle Lanier
2102044,Michelle Lanier
2102044,Michelle Lanier
2363263,Mary D Williams
2102044,Michelle Lanier
2102044,Michelle Lanier
1867773,Duncan V Murrell
1867773,Duncan V Murrell
2035618,Wolfgang Volkwart Hastert
1517407,Mary Sharp
1517407,Mary Sharp
2035618,Wolfgang Volkwart Hastert
2035473,Natalie A Minik
1517407,Mary Sharp
1517407,Mary Sharp
2031896,Lisa M McCarty
2058119,Caitlin Kelly
1517407,Mary Sharp
1517407,Mary Sharp
2115402,Aaron Canipe
2223402,Jon-Sesrie Goff
1517407,Mary Sharp
1517407,Mary Sharp
2218851,Alexander Michael Cunningham
2222807,Tamika Galanis
1517407,Mary Sharp
1517407,Mary Sharp
2281218,Colleen Pesci
1517407,Mary Sharp
1517407,Mary Sharp
1517407,Mary Sharp
1517407,Mary Sharp
1543612,Anna S Post-Rust
1881042,Antonio MC Bogaert
2222416,Michaela O'Brien
2222416,Michaela O'Brien
2346359,Jeremy M Lange
2348413,Rachel Jessen
2346359,Jeremy M Lange
2346359,Jeremy M Lange
1348215,John H Biewen
1348215,John H Biewen
1348215,John H Biewen
1348215,John H Biewen
1348215,John H Biewen
1348215,John H Biewen
1348215,John H Biewen
0544828,Charles D Thompson
0544828,Charles D Thompson
0544828,Charles D Thompson
0388308,Simon C Partner
0388308,Simon C Partner
0801186,Christopher Wilson Sims
0801186,Christopher Wilson Sims
0801186,Christopher Wilson Sims
0228355,John W Moses Jr.
0228355,John W Moses Jr.
0228355,John W Moses Jr.
0228355,John W Moses Jr.
0228355,John W Moses Jr.
0228355,John W Moses Jr.
0228355,John W Moses Jr.
1601564,Nancy Kalow
1601564,Nancy Kalow
0228355,John W Moses Jr.
0228355,John W Moses Jr.
0228355,John W Moses Jr.
0228355,John W Moses Jr.
0228355,John W Moses Jr.
0228355,John W Moses Jr.
0228355,John W Moses Jr.
1543612,Anna S Post-Rust
1543612,Anna S Post-Rust
1543612,Anna S Post-Rust
1543612,Anna S Post-Rust
1543612,Anna S Post-Rust
1543612,Anna S Post-Rust
1543612,Anna S Post-Rust
1543612,Anna S Post-Rust
1543612,Anna S Post-Rust
1543612,Anna S Post-Rust
1543612,Anna S Post-Rust
1543612,Anna S Post-Rust
0388299,Thomas S. Rankin
0388299,Thomas S. Rankin
0388299,Thomas S. Rankin
0228411,William Noland
0228411,William Noland
1223361,Katherine Hyde
1223361,Katherine Hyde
1223361,Katherine Hyde
1223361,Katherine Hyde
1223361,Katherine Hyde
1223361,Katherine Hyde
1223361,Katherine Hyde
1223361,Katherine Hyde
1223361,Katherine Hyde
1223361,Katherine Hyde
1223361,Katherine Hyde
1223361,Katherine Hyde
1223361,Katherine Hyde
1543612,Anna S Post-Rust
1543612,Anna S Post-Rust
1543612,Anna S Post-Rust
1543612,Anna S Post-Rust
1543612,Anna S Post-Rust
1543612,Anna S Post-Rust
1543612,Anna S Post-Rust
0227790,Alex Harris
0227790,Alex Harris
0227790,Alex Harris
0227790,Alex Harris
0227790,Alex Harris
0227790,Alex Harris
1918060,Andrea E Woods Valdes
1918060,Andrea E Woods Valdes
1918060,Andrea E Woods Valdes
1918060,Andrea E Woods Valdes
1918060,Andrea E Woods Valdes
1918060,Andrea E Woods Valdes
1918060,Andrea E Woods Valdes
1371593,Abraham Morrow Geil
2039548,Markos Hadjioannou
2108535,Morgan M Adamson
1724728,China Medel
2039548,Markos Hadjioannou
1318147,Elizabeth Landesberg
1571903,Ryan T Vu
2039548,Markos Hadjioannou
1724728,China Medel
1571903,Ryan T Vu
2039548,Markos Hadjioannou
1318147,Elizabeth Landesberg
2039548,Markos Hadjioannou
2031896,Lisa M McCarty
2039548,Markos Hadjioannou
2031896,Lisa M McCarty
2031896,Lisa M McCarty
0388299,Thomas S. Rankin
0388299,Thomas S. Rankin
2036237,Talena Sanders
0388299,Thomas S. Rankin
2162030,Nicholas Pilarski
0388299,Thomas S. Rankin
2161891,Anna Kipervaser
2222117,Jason Oppliger
2161891,Anna Kipervaser
2222416,Michaela O'Brien
2222117,Jason Oppliger
2161891,Anna Kipervaser
2161891,Anna Kipervaser
2281218,Colleen Pesci
1975445,Bruce S Orenstein
1975445,Bruce S Orenstein
1975445,Bruce S Orenstein
1975445,Bruce S Orenstein
1975445,Bruce S Orenstein
1975445,Bruce S Orenstein
1975445,Bruce S Orenstein
1975445,Bruce S Orenstein
1975445,Bruce S Orenstein
1975445,Bruce S Orenstein
1988733,Karen Price
1988733,Karen Price
1988733,Karen Price
1988733,Karen Price
1988733,Karen Price
1988733,Karen Price
2161891,Anna Kipervaser
2161891,Anna Kipervaser
2161891,Anna Kipervaser
2161891,Anna Kipervaser
1515283,Timothy B Tyson
1515283,Timothy B Tyson
1515283,Timothy B Tyson
2092319,William (Bill) A Brown
2092319,William (Bill) A Brown
0588121,Joshua M Gibson
0588121,Joshua M Gibson
0588121,Joshua M Gibson
0588121,Joshua M Gibson
0588121,Joshua M Gibson
2362000,Jacqueline Shelton Green
2362000,Jacqueline Shelton Green
2362000,Jacqueline Shelton Green
1930832,David Gatten
1930832,David Gatten
2092319,William (Bill) A Brown
2092319,William (Bill) A Brown
2092319,William (Bill) A Brown
2092319,William (Bill) A Brown
1851815,James R Haverkamp
1606484,Shambhavi Kaul
1606484,Shambhavi Kaul
1851815,James R Haverkamp
1606484,Shambhavi Kaul
1851815,James R Haverkamp
1606484,Shambhavi Kaul
1851815,James R Haverkamp
1606484,Shambhavi Kaul
1851815,James R Haverkamp
1606484,Shambhavi Kaul
1851815,James R Haverkamp
1606484,Shambhavi Kaul
0544828,Charles D Thompson
0939256,Madeleine Lambert
2234551,Lynden Harris
2129533,Patricia Barclay Bass
2039852,Miguel Rojas Sotelo
1819847,Karlyn Denae Forner
2054068,Erin Espelie
1914209,John P Supko
2232875,Marco Williams
1697275,Barbara A Lau
1057050,Heather Stone
0070216,Amy E Unell
1697275,Barbara A Lau
1057050,Heather Stone
2167481,Brian Southwell
2124251,Bennett Dempsey Carpenter
1914209,John P Supko
2045126,Douglas P Green
2045126,Douglas P Green
2045126,Douglas P Green
0399021,Patricia Leighten
0399021,Patricia Leighten
1939556,Laura Moure Cecchini
2069679,Ivana Bago
1348215,John H Biewen
1348215,John H Biewen
1348215,John H Biewen
1348215,John H Biewen
1348215,John H Biewen
1697003,Kelly L Alexander
1697003,Kelly L Alexander
1867773,Duncan V Murrell
2102044,Michelle Lanier
2102044,Michelle Lanier
2102044,Michelle Lanier
2102044,Michelle Lanier
2102044,Michelle Lanier
2102044,Michelle Lanier
2102044,Michelle Lanier
1517407,Mary Sharp
1517407,Mary Sharp
1517407,Mary Sharp
1517407,Mary Sharp
1517407,Mary Sharp
1517407,Mary Sharp
1515283,Timothy B Tyson
1515283,Timothy B Tyson
1515283,Timothy B Tyson
1515283,Timothy B Tyson
1515283,Timothy B Tyson
1515283,Timothy B Tyson
2048012,Maha Houssami
0227385,Miriam Cooke
1601564,Nancy Kalow
2048012,Maha Houssami
1515283,Timothy B Tyson
1515283,Timothy B Tyson
1515283,Timothy B Tyson
1515283,Timothy B Tyson
1515283,Timothy B Tyson
1975445,Bruce S Orenstein
1975445,Bruce S Orenstein
0801186,Christopher Wilson Sims
0801186,Christopher Wilson Sims
0801186,Christopher Wilson Sims
0801186,Christopher Wilson Sims
0801186,Christopher Wilson Sims
0544828,Charles D Thompson
1697003,Kelly L Alexander
1697003,Kelly L Alexander
1697003,Kelly L Alexander
1697003,Kelly L Alexander
1697003,Kelly L Alexander
1697003,Kelly L Alexander
1697275,Barbara A Lau
1697275,Barbara A Lau
1697275,Barbara A Lau
1515283,Timothy B Tyson
1515283,Timothy B Tyson
1515283,Timothy B Tyson
1515283,Timothy B Tyson
1515283,Timothy B Tyson
1515283,Timothy B Tyson
1867773,Duncan V Murrell
1867773,Duncan V Murrell
0801186,Christopher Wilson Sims
0801186,Christopher Wilson Sims
0227201,Robert J Bliwise
0227201,Robert J Bliwise
0227201,Robert J Bliwise
0227201,Robert J Bliwise
0227201,Robert J Bliwise
2427078,Jonathan M Katz
1077982,David A Graham
0227273,Fred Burns
0588121,Joshua M Gibson
0588121,Joshua M Gibson
0588121,Joshua M Gibson
0588121,Joshua M Gibson
0588121,Joshua M Gibson
0588121,Joshua M Gibson
0714990,Elena Marso Surin Rue
0801186,Christopher Wilson Sims
0714990,Elena Marso Surin Rue
2033343,Eric Robert Barstow
0714990,Elena Marso Surin Rue
0714990,Elena Marso Surin Rue
2349715,Lana Garland
0388882,Wesley C Hogan
0388882,Wesley C Hogan
0388882,Wesley C Hogan
1916079,Philip F Bennett
1916079,Philip F Bennett
1916079,Philip F Bennett
0388882,Wesley C Hogan
0388882,Wesley C Hogan
1853888,Clay C Johnson
1853888,Clay C Johnson
1853888,Clay C Johnson
1853888,Clay C Johnson
1853888,Clay C Johnson
1853888,Clay C Johnson
1853888,Clay C Johnson
1853888,Clay C Johnson
1853888,Clay C Johnson
1853888,Clay C Johnson
2435514,Lynn Owens
2435514,Lynn Owens
2435514,Lynn Owens
2362006,Robert C Mataxis
2362006,Robert C Mataxis
2362006,Robert C Mataxis
1916079,Philip F Bennett
1906465,John F Burness
2167684,William R Adair
1916079,Philip F Bennett
2167684,William R Adair
1916079,Philip F Bennett
1916079,Philip F Bennett
2167684,William R Adair
1916079,Philip F Bennett
2167684,William R Adair
1916079,Philip F Bennett
2167684,William R Adair
1916079,Philip F Bennett
2167684,William R Adair
1601564,Nancy Kalow
0227790,Alex Harris
1601564,Nancy Kalow
0227790,Alex Harris
1601564,Nancy Kalow
0227790,Alex Harris
1601564,Nancy Kalow
0227790,Alex Harris
1601564,Nancy Kalow
0227790,Alex Harris
1601564,Nancy Kalow
0227790,Alex Harris
1601564,Nancy Kalow
0801186,Christopher Wilson Sims
0399939,Priscilla Wald
0399939,Priscilla Wald
0388882,Wesley C Hogan
0388882,Wesley C Hogan
0388882,Wesley C Hogan
0388882,Wesley C Hogan
0388882,Wesley C Hogan
